Year,Host,NOC,isHost,Gold,Total,gold_ratio,total_ratio,Avg_X_Gold,Avg_X_Total,CountryNum,AthletesNum
2008,China,Afghanistan,0,0,1,0,0.001043841,0,1,0,4
2012,United Kingdom,Afghanistan,0,0,1,0,0.001041667,0,1,0,6
2024,France,Albania,0,0,2,0,0.001924928,0,2,1,9
1984,United States,Algeria,0,0,2,0,0.002906977,0,2,2,33
1992,Spain,Algeria,0,1,2,0.003846154,0.002453988,1,2,2,36
1996,United States,Algeria,0,2,3,0.007380074,0.003562945,2,3,2,47
2000,Australia,Algeria,0,1,5,0.003333333,0.005393743,1,3,2,51
2008,China,Algeria,0,0,2,0,0.002087683,1,3,2,57
2012,United Kingdom,Algeria,0,1,1,0.00330033,0.001041667,1,2.75,2,39
2016,Brazil,Algeria,0,0,2,0,0.002057613,0.5,2.5,2,74
2024,France,Algeria,0,2,3,0.006097561,0.002887392,0.75,2,2,55
1924,France,Argentina,0,1,6,0.007936508,0.015873016,1,6,3,109
1928,Netherlands,Argentina,0,3,7,0.027272727,0.021406728,3,7,3,98
1932,United States,Argentina,0,3,4,0.024,0.010810811,3,4,3,47
1936,Germany,Argentina,0,2,7,0.014184397,0.016587678,2.25,6,3,68
1948,United Kingdom,Argentina,0,3,7,0.02173913,0.01703163,2.75,6.25,3,295
1952,Finland,Argentina,0,1,5,0.006711409,0.010893246,2.25,5.75,3,174
1956,Australia,Argentina,0,0,2,0,0.004264392,1.5,5.25,3,44
1960,Italy,Argentina,0,0,2,0,0.004338395,1,4,3,116
1964,Japan,Argentina,0,0,1,0,0.001984127,0.25,2.5,3,148
1968,Mexico,Argentina,0,0,2,0,0.003795066,0,1.75,3,132
1972,West Germany,Argentina,0,0,1,0,0.001666667,0,1.5,3,123
1988,South Korea,Argentina,0,0,2,0,0.00270636,0,1.5,3,134
1992,Spain,Argentina,0,0,1,0,0.001226994,0,1.5,3,111
1996,United States,Argentina,0,0,3,0,0.003562945,0,1.75,3,221
2000,Australia,Argentina,0,0,4,0,0.004314995,0,2.5,3,165
2004,Greece,Argentina,0,2,6,0.006644518,0.006479482,0.5,3.5,3,179
2008,China,Argentina,0,2,6,0.006622517,0.006263048,1,4.75,3,145
2012,United Kingdom,Argentina,0,1,4,0.00330033,0.004166667,1.25,5,3,148
2016,Brazil,Argentina,0,3,4,0.009803922,0.004115226,2,5,3,232
2020,Japan,Argentina,0,0,3,0,0.002777778,1.5,4.25,3,208
2024,France,Argentina,0,1,3,0.00304878,0.002887392,1.25,3.5,3,154
1996,United States,Armenia,0,1,2,0.003690037,0.002375297,1,2,4,38
2000,Australia,Armenia,0,0,1,0,0.001078749,0,1,4,26
2008,China,Armenia,0,0,5,0,0.005219207,0,5,4,26
2012,United Kingdom,Armenia,0,0,2,0,0.002083333,0.25,2.5,4,31
2016,Brazil,Armenia,0,1,4,0.003267974,0.004115226,0.25,3,4,34
2020,Japan,Armenia,0,0,4,0,0.003703704,0.25,3.75,4,19
2024,France,Armenia,0,0,4,0,0.003849856,0.25,3.5,4,17
1908,United Kingdom,Australasia,0,1,5,0.009090909,0.015432099,1,5,5,48
1912,Sweden,Australasia,0,2,7,0.019607843,0.022435897,2,7,5,38
1896,Greece,Australia,0,2,2,0.046511628,0.016393443,2,2,6,5
1900,France,Australia,0,2,5,0.020833333,0.017605634,2,3.5,6,6
1904,United States,Australia,0,0,4,0,0.014285714,1.333333333,3.666666667,6,6
1920,Belgium,Australia,0,0,3,0,0.006849315,1,3.5,6,29
1924,France,Australia,0,3,6,0.023809524,0.015873016,1.25,4.5,6,60
1928,Netherlands,Australia,0,1,4,0.009090909,0.012232416,1,4.25,6,29
1932,United States,Australia,0,3,5,0.024,0.013513514,1.75,4.5,6,20
1936,Germany,Australia,0,0,1,0,0.002369668,1.75,4,6,39
1948,United Kingdom,Australia,0,2,13,0.014492754,0.03163017,1.5,5.75,6,103
1952,Finland,Australia,0,6,11,0.040268456,0.023965142,2.75,7.5,6,140
1956,Australia,Australia,1,13,35,0.08496732,0.074626866,5.25,15,6,412
1960,Italy,Australia,0,8,22,0.052631579,0.047722343,7.25,20.25,6,280
1964,Japan,Australia,0,6,18,0.036809816,0.035714286,8.25,21.5,6,392
1968,Mexico,Australia,0,5,17,0.028735632,0.032258065,8,23,6,224
1972,West Germany,Australia,0,8,17,0.041025641,0.028333333,6.75,18.5,6,266
1976,Canada,Australia,0,0,5,0,0.008156607,4.75,14.25,6,274
1980,Soviet Union,Australia,0,2,9,0.009803922,0.014263074,3.75,12,6,190
1984,United States,Australia,0,4,24,0.017699115,0.034883721,3.5,13.75,6,337
1988,South Korea,Australia,0,3,14,0.012448133,0.01894452,2.25,13,6,339
1992,Spain,Australia,0,7,27,0.026923077,0.033128834,4,18.5,6,390
1996,United States,Australia,0,9,41,0.033210332,0.048693587,5.75,26.5,6,550
2000,Australia,Australia,1,16,58,0.053333333,0.062567422,8.75,35,6,788
2004,Greece,Australia,0,17,50,0.056478405,0.05399568,12.25,44,6,601
2008,China,Australia,0,14,46,0.046357616,0.048016701,14,48.75,6,570
2012,United Kingdom,Australia,0,8,35,0.02640264,0.036458333,13.75,47.25,6,514
2016,Brazil,Australia,0,8,29,0.026143791,0.029835391,11.75,40,6,518
2020,Japan,Australia,0,17,46,0.05,0.042592593,11.75,39,6,638
2024,France,Australia,0,18,53,0.054878049,0.051010587,12.75,40.75,6,649
1896,Greece,Austria,0,2,5,0.046511628,0.040983607,2,5,7,8
1900,France,Austria,0,0,6,0,0.021126761,1,5.5,7,26
1904,United States,Austria,0,1,3,0.010309278,0.010714286,1,4.666666667,7,7
1908,United Kingdom,Austria,0,0,1,0,0.00308642,0.75,3.75,7,13
1912,Sweden,Austria,0,0,4,0,0.012820513,0.25,3.5,7,132
1924,France,Austria,0,0,4,0,0.010582011,0.25,3,7,56
1928,Netherlands,Austria,0,2,3,0.018181818,0.009174312,0.5,3,7,113
1932,United States,Austria,0,1,5,0.008,0.013513514,0.75,4,7,33
1936,Germany,Austria,0,5,17,0.035460993,0.04028436,2,7.25,7,363
1948,United Kingdom,Austria,0,1,4,0.007246377,0.00973236,2.25,7.25,7,239
1952,Finland,Austria,0,0,2,0,0.004357298,1.75,7,7,238
1956,Australia,Austria,0,0,2,0,0.004264392,1.5,6.25,7,57
1960,Italy,Austria,0,1,2,0.006578947,0.004338395,0.5,2.5,7,198
1968,Mexico,Austria,0,0,4,0,0.007590133,0.25,2.5,7,59
1972,West Germany,Austria,0,0,3,0,0.005,0.25,2.75,7,143
1976,Canada,Austria,0,0,1,0,0.001631321,0.25,2.5,7,73
1980,Soviet Union,Austria,0,1,4,0.004901961,0.006339144,0.25,3,7,92
1984,United States,Austria,0,1,3,0.004424779,0.004360465,0.5,2.75,7,130
1988,South Korea,Austria,0,1,1,0.004149378,0.00135318,0.75,2.25,7,96
1992,Spain,Austria,0,0,2,0,0.002453988,0.75,2.5,7,127
1996,United States,Austria,0,0,3,0,0.003562945,0.5,2.25,7,92
2000,Australia,Austria,0,2,3,0.006666667,0.003236246,0.75,2.25,7,114
2004,Greece,Austria,0,2,7,0.006644518,0.007559395,1,3.75,7,92
2008,China,Austria,0,0,3,0,0.003131524,1,4,7,93
2016,Brazil,Austria,0,0,1,0,0.001028807,1,3.5,7,85
2020,Japan,Austria,0,1,7,0.002941176,0.006481481,0.75,4.5,7,103
2024,France,Austria,0,2,5,0.006097561,0.00481232,0.75,4,7,121
1996,United States,Azerbaijan,0,0,1,0,0.001187648,0,1,8,24
2000,Australia,Azerbaijan,0,2,3,0.006666667,0.003236246,2,3,8,32
2004,Greece,Azerbaijan,0,1,5,0.003322259,0.005399568,1,5,8,37
2008,China,Azerbaijan,0,1,6,0.003311258,0.006263048,1,3.75,8,44
2012,United Kingdom,Azerbaijan,0,2,9,0.00660066,0.009375,1.5,5.75,8,59
2016,Brazil,Azerbaijan,0,1,18,0.003267974,0.018518519,1.25,9.5,8,69
2020,Japan,Azerbaijan,0,0,7,0,0.006481481,1,10,8,55
2024,France,Azerbaijan,0,2,7,0.006097561,0.006737247,1.25,10.25,8,49
1956,Australia,Bahamas,0,0,1,0,0.002132196,0,1,9,5
1964,Japan,Bahamas,0,1,1,0.006134969,0.001984127,1,1,9,12
1992,Spain,Bahamas,0,0,1,0,0.001226994,0,1,9,18
1996,United States,Bahamas,0,0,1,0,0.001187648,0.25,1,9,36
2000,Australia,Bahamas,0,2,3,0.006666667,0.003236246,0.75,1.5,9,39
2004,Greece,Bahamas,0,1,2,0.003322259,0.002159827,0.75,1.75,9,28
2008,China,Bahamas,0,0,2,0,0.002087683,0.75,2,9,33
2012,United Kingdom,Bahamas,0,1,1,0.00330033,0.001041667,1,2,9,29
2016,Brazil,Bahamas,0,1,2,0.003267974,0.002057613,0.75,1.75,9,38
2020,Japan,Bahamas,0,2,2,0.005882353,0.001851852,1,1.75,9,22
2012,United Kingdom,Bahrain,0,1,1,0.00330033,0.001041667,1,1,10,14
2016,Brazil,Bahrain,0,1,2,0.003267974,0.002057613,1,2,10,33
2020,Japan,Bahrain,0,0,1,0,0.000925926,0,1,10,33
2024,France,Bahrain,0,2,4,0.006097561,0.003849856,1,2,10,15
2000,Australia,Barbados,0,0,1,0,0.001078749,0,1,11,28
1996,United States,Belarus,0,1,15,0.003690037,0.017814727,1,15,12,259
2000,Australia,Belarus,0,3,17,0.01,0.018338727,3,17,12,231
2004,Greece,Belarus,0,2,13,0.006644518,0.014038877,2,13,12,192
2008,China,Belarus,0,3,14,0.009933775,0.014613779,2.25,14.75,12,237
2012,United Kingdom,Belarus,0,2,10,0.00660066,0.010416667,2.5,13.5,12,185
2016,Brazil,Belarus,0,1,9,0.003267974,0.009259259,2,11.5,12,142
2020,Japan,Belarus,0,1,7,0.002941176,0.006481481,1.75,10,12,137
1900,France,Belgium,0,6,17,0.0625,0.059859155,6,17,13,100
1908,United Kingdom,Belgium,0,1,8,0.009090909,0.024691358,1,8,13,99
1912,Sweden,Belgium,0,2,6,0.019607843,0.019230769,2,6,13,72
1920,Belgium,Belgium,1,14,36,0.090322581,0.082191781,5.75,16.75,13,518
1924,France,Belgium,0,3,13,0.023809524,0.034391534,5,15.75,13,234
1928,Netherlands,Belgium,0,0,3,0,0.009174312,4.75,14.5,13,260
1932,United States,Belgium,0,0,1,0,0.002702703,4.25,13.25,13,69
1936,Germany,Belgium,0,0,3,0,0.007109005,0.75,5,13,205
1948,United Kingdom,Belgium,0,2,7,0.014492754,0.01703163,0.5,3.5,13,182
1952,Finland,Belgium,0,2,4,0.013422819,0.008714597,1,3.75,13,184
1956,Australia,Belgium,0,0,2,0,0.004264392,1,4,13,82
1960,Italy,Belgium,0,0,4,0,0.00867679,1,4.25,13,150
1964,Japan,Belgium,0,2,3,0.012269939,0.005952381,1,3.25,13,74
1968,Mexico,Belgium,0,0,2,0,0.003795066,0.5,2.75,13,106
1972,West Germany,Belgium,0,0,2,0,0.003333333,0.5,2.75,13,106
1976,Canada,Belgium,0,0,6,0,0.009787928,0.5,3.25,13,149
1980,Soviet Union,Belgium,0,1,1,0.004901961,0.001584786,0.25,2.75,13,84
1984,United States,Belgium,0,1,4,0.004424779,0.005813953,0.5,3.25,13,86
1988,South Korea,Belgium,0,0,2,0,0.00270636,0.5,3.25,13,85
1992,Spain,Belgium,0,0,3,0,0.003680982,0.5,2.5,13,103
1996,United States,Belgium,0,2,6,0.007380074,0.007125891,0.75,3.75,13,81
2000,Australia,Belgium,0,0,5,0,0.005393743,0.5,4,13,94
2004,Greece,Belgium,0,1,3,0.003322259,0.003239741,0.75,4.25,13,70
2008,China,Belgium,0,2,2,0.006622517,0.002087683,1.25,4,13,112
2012,United Kingdom,Belgium,0,0,3,0,0.003125,0.75,3.25,13,142
2016,Brazil,Belgium,0,2,6,0.006535948,0.00617284,1.25,3.5,13,138
2020,Japan,Belgium,0,3,7,0.008823529,0.006481481,1.75,4.5,13,185
2024,France,Belgium,0,3,10,0.009146341,0.009624639,2,6.5,13,240
1976,Canada,Bermuda,0,0,1,0,0.001631321,0,1,14,20
2020,Japan,Bermuda,0,1,1,0.002941176,0.000925926,1,1,14,2
1900,France,Bohemia,0,0,2,0,0.007042254,0,2,15,9
1908,United Kingdom,Bohemia,0,0,2,0,0.00617284,0,2,15,41
2012,United Kingdom,Botswana,0,0,1,0,0.001041667,0,1,16,4
2020,Japan,Botswana,0,0,1,0,0.000925926,0,1,16,16
2024,France,Botswana,0,1,2,0.00304878,0.001924928,1,2,16,19
1920,Belgium,Brazil,0,1,3,0.006451613,0.006849315,1,3,17,38
1948,United Kingdom,Brazil,0,0,1,0,0.00243309,0,1,17,105
1952,Finland,Brazil,0,1,3,0.006711409,0.006535948,1,3,17,119
1956,Australia,Brazil,0,1,1,0.006535948,0.002132196,0.75,2,17,63
1960,Italy,Brazil,0,0,2,0,0.004338395,0.5,1.75,17,86
1964,Japan,Brazil,0,0,1,0,0.001984127,0.5,1.75,17,65
1968,Mexico,Brazil,0,0,3,0,0.0056926,0.25,1.75,17,89
1972,West Germany,Brazil,0,0,2,0,0.003333333,0,2,17,104
1976,Canada,Brazil,0,0,2,0,0.003262643,0,2,17,89
1980,Soviet Union,Brazil,0,2,4,0.009803922,0.006339144,0.5,2.75,17,149
1984,United States,Brazil,0,1,8,0.004424779,0.011627907,0.75,4,17,197
1988,South Korea,Brazil,0,1,6,0.004149378,0.00811908,1,5,17,233
1992,Spain,Brazil,0,2,3,0.007692308,0.003680982,1.5,5.25,17,233
1996,United States,Brazil,0,3,15,0.011070111,0.017814727,1.75,8,17,251
2000,Australia,Brazil,0,0,12,0,0.012944984,1.5,9,17,236
2004,Greece,Brazil,0,5,10,0.016611296,0.010799136,2.5,10,17,318
2008,China,Brazil,0,3,17,0.009933775,0.017745303,2.75,13.5,17,338
2012,United Kingdom,Brazil,0,3,17,0.00990099,0.017708333,2.75,14,17,306
2016,Brazil,Brazil,1,7,19,0.022875817,0.019547325,4.5,15.75,17,583
2020,Japan,Brazil,0,7,21,0.020588235,0.019444444,5,18.5,17,416
2024,France,Brazil,0,3,20,0.009146341,0.019249278,5,19.25,17,401
1956,Australia,Bulgaria,0,1,5,0.006535948,0.010660981,1,5,19,179
1960,Italy,Bulgaria,0,1,7,0.006578947,0.015184382,1,7,19,82
1964,Japan,Bulgaria,0,3,10,0.018404908,0.01984127,1.25,5.75,19,183
1968,Mexico,Bulgaria,0,2,9,0.011494253,0.017077799,1.75,7.75,19,116
1972,West Germany,Bulgaria,0,6,21,0.030769231,0.035,3,11.75,19,189
1976,Canada,Bulgaria,0,6,22,0.03030303,0.03588907,4.25,15.5,19,226
1980,Soviet Union,Bulgaria,0,8,41,0.039215686,0.064976228,5.5,23.25,19,254
1988,South Korea,Bulgaria,0,10,35,0.041493776,0.047361299,7.5,29.75,19,397
1992,Spain,Bulgaria,0,3,16,0.011538462,0.019631902,6.75,28.5,19,281
1996,United States,Bulgaria,0,3,15,0.011070111,0.017814727,6,26.75,19,236
2000,Australia,Bulgaria,0,5,13,0.016666667,0.014023732,5.25,19.75,19,181
2004,Greece,Bulgaria,0,2,12,0.006644518,0.012958963,3.25,14,19,150
2008,China,Bulgaria,0,1,5,0.003311258,0.005219207,2.75,11.25,19,119
2012,United Kingdom,Bulgaria,0,0,3,0,0.003125,2,8.25,19,87
2016,Brazil,Bulgaria,0,0,3,0,0.00308642,0.75,5.75,19,75
2020,Japan,Bulgaria,0,3,6,0.008823529,0.005555556,1,4.25,19,58
2024,France,Bulgaria,0,3,7,0.009146341,0.006737247,1.5,4.75,19,56
2020,Japan,Burkina Faso,0,0,1,0,0.000925926,0,1,20,61
1996,United States,Burundi,0,1,1,0.003690037,0.001187648,1,1,21,8
2016,Brazil,Burundi,0,0,1,0,0.001028807,0,1,21,7
2024,France,Cabo Verde,0,0,1,0,0.000962464,0,1,22,10
1984,United States,Cameroon,0,0,1,0,0.001453488,0,1,23,5
2000,Australia,Cameroon,0,1,1,0.003333333,0.001078749,1,1,23,56
2004,Greece,Cameroon,0,1,1,0.003322259,0.001079914,0.5,1,23,39
2008,China,Cameroon,0,1,1,0.003311258,0.001043841,0.75,1,23,19
2012,United Kingdom,Cameroon,0,0,1,0,0.001041667,0.75,1,23,32
1900,France,Canada,0,1,2,0.010416667,0.007042254,1,2,24,32
1904,United States,Canada,0,4,6,0.041237113,0.021428571,2.5,4,24,7
1908,United Kingdom,Canada,0,3,16,0.027272727,0.049382716,3,16,24,61
1912,Sweden,Canada,0,3,8,0.029411765,0.025641026,2.75,8,24,148
1920,Belgium,Canada,0,3,9,0.019354839,0.020547945,3.25,9.75,24,60
1924,France,Canada,0,0,4,0,0.010582011,2.25,9.25,24,85
1928,Netherlands,Canada,0,4,15,0.036363636,0.04587156,2.5,9,24,83
1932,United States,Canada,0,2,16,0.016,0.043243243,2.25,11,24,113
1936,Germany,Canada,0,1,9,0.007092199,0.021327014,1.75,11,24,191
1948,United Kingdom,Canada,0,0,3,0,0.00729927,1.75,10.75,24,167
1952,Finland,Canada,0,1,3,0.006711409,0.006535948,1,7.75,24,188
1956,Australia,Canada,0,2,6,0.013071895,0.012793177,1,5.25,24,154
1960,Italy,Canada,0,0,1,0,0.002169197,0.75,3.25,24,150
1964,Japan,Canada,0,1,4,0.006134969,0.007936508,1,3.5,24,140
1968,Mexico,Canada,0,1,5,0.005747126,0.009487666,1,4,24,194
1972,West Germany,Canada,0,0,5,0,0.008333333,0.5,3.75,24,291
1976,Canada,Canada,1,0,11,0,0.017944535,0.5,6.25,24,344
1984,United States,Canada,0,10,44,0.044247788,0.063953488,2.75,16.25,24,531
1988,South Korea,Canada,0,3,10,0.012448133,0.0135318,3.25,17.5,24,572
1992,Spain,Canada,0,7,18,0.026923077,0.02208589,5,20.75,24,503
1996,United States,Canada,0,3,22,0.011070111,0.026128266,5.75,23.5,24,445
2000,Australia,Canada,0,3,14,0.01,0.015102481,4,16,24,408
2004,Greece,Canada,0,3,12,0.009966777,0.012958963,4,16.5,24,422
2008,China,Canada,0,3,20,0.009933775,0.020876827,3,17,24,391
2012,United Kingdom,Canada,0,2,18,0.00660066,0.01875,2.75,16,24,449
2016,Brazil,Canada,0,4,22,0.013071895,0.022633745,3,18,24,354
2020,Japan,Canada,0,7,24,0.020588235,0.022222222,4,21,24,405
2024,France,Canada,0,9,27,0.027439024,0.025986526,5.5,22.75,24,509
1928,Netherlands,Chile,0,0,1,0,0.003058104,0,1,26,538
1956,Australia,Chile,0,0,4,0,0.008528785,0,4,26,46
1988,South Korea,Chile,0,0,1,0,0.00135318,0,2,26,82
2000,Australia,Chile,0,0,1,0,0.001078749,0,2,26,43
2004,Greece,Chile,0,2,3,0.006644518,0.003239741,0.5,2.25,26,23
2008,China,Chile,0,0,1,0,0.001043841,0.5,1.5,26,58
2024,France,Chile,0,1,2,0.00304878,0.001924928,0.75,1.75,26,29
1984,United States,China,0,15,32,0.066371681,0.046511628,15,32,27,29
1988,South Korea,China,0,5,28,0.020746888,0.037889039,5,28,27,52
1992,Spain,China,0,16,54,0.061538462,0.066257669,16,54,27,323
1996,United States,China,0,16,50,0.05904059,0.059382423,13,41,27,427
2000,Australia,China,0,28,58,0.093333333,0.062567422,16.25,47.5,27,394
2004,Greece,China,0,32,63,0.106312292,0.068034557,23,56.25,27,438
2008,China,China,1,48,100,0.158940397,0.104384134,31,67.75,27,414
2012,United Kingdom,China,0,39,92,0.128712871,0.095833333,36.75,78.25,27,518
2016,Brazil,China,0,26,70,0.08496732,0.072016461,36.25,81.25,27,730
2020,Japan,China,0,38,89,0.111764706,0.082407407,37.75,87.75,27,479
2024,France,China,0,40,91,0.12195122,0.087584216,35.75,85.5,27,499
1984,United States,Chinese Taipei,0,0,1,0,0.001453488,0,1,28,574
1992,Spain,Chinese Taipei,0,0,1,0,0.001226994,0,1,28,587
1996,United States,Chinese Taipei,0,0,1,0,0.001187648,0,1,28,52
2000,Australia,Chinese Taipei,0,0,5,0,0.005393743,0,2,28,38
2004,Greece,Chinese Taipei,0,2,5,0.006644518,0.005399568,0.5,3,28,107
2008,China,Chinese Taipei,0,1,4,0.003311258,0.004175365,0.75,3.75,28,75
2012,United Kingdom,Chinese Taipei,0,1,2,0.00330033,0.002083333,1,4,28,104
2016,Brazil,Chinese Taipei,0,1,3,0.003267974,0.00308642,1.25,3.5,28,92
2020,Japan,Chinese Taipei,0,2,12,0.005882353,0.011111111,1.25,5.25,28,55
2024,France,Chinese Taipei,0,2,7,0.006097561,0.006737247,1.5,6,28,67
1972,West Germany,Colombia,0,0,3,0,0.005,0,3,29,117
1984,United States,Colombia,0,0,1,0,0.001453488,0,1,29,78
1988,South Korea,Colombia,0,0,1,0,0.00135318,0,1,29,75
1992,Spain,Colombia,0,0,1,0,0.001226994,0,1.5,29,48
2000,Australia,Colombia,0,1,1,0.003333333,0.001078749,0.25,1,29,57
2004,Greece,Colombia,0,0,2,0,0.002159827,0.25,1.25,29,61
2008,China,Colombia,0,0,3,0,0.003131524,0.25,1.75,29,54
2012,United Kingdom,Colombia,0,1,9,0.00330033,0.009375,0.5,3.75,29,71
2016,Brazil,Colombia,0,3,8,0.009803922,0.008230453,1,5.5,29,90
2020,Japan,Colombia,0,0,5,0,0.00462963,1,6.25,29,120
2024,France,Colombia,0,0,4,0,0.003849856,1,6.5,29,157
1988,South Korea,Costa Rica,0,0,1,0,0.00135318,0,1,30,77
1996,United States,Costa Rica,0,1,1,0.003690037,0.001187648,1,1,30,105
2000,Australia,Costa Rica,0,0,2,0,0.002157497,0,2,30,33
1992,Spain,Croatia,0,0,3,0,0.003680982,0,3,31,13
1996,United States,Croatia,0,1,2,0.003690037,0.002375297,1,2,31,9
2000,Australia,Croatia,0,1,2,0.003333333,0.002157497,1,2,31,46
2004,Greece,Croatia,0,1,5,0.003322259,0.005399568,0.75,3,31,117
2008,China,Croatia,0,0,5,0,0.005219207,0.75,3.5,31,108
2012,United Kingdom,Croatia,0,3,6,0.00990099,0.00625,1.25,4.5,31,100
2016,Brazil,Croatia,0,5,10,0.016339869,0.010288066,2.25,6.5,31,125
2020,Japan,Croatia,0,3,8,0.008823529,0.007407407,2.75,7.25,31,118
2024,France,Croatia,0,2,7,0.006097561,0.006737247,3.25,7.75,31,93
1900,France,Cuba,0,1,2,0.010416667,0.007042254,1,2,32,74
1904,United States,Cuba,0,3,3,0.030927835,0.010714286,2,2.5,32,85
1948,United Kingdom,Cuba,0,0,1,0,0.00243309,0,1,32,2
1964,Japan,Cuba,0,0,1,0,0.001984127,1,1.75,32,6
1968,Mexico,Cuba,0,0,4,0,0.007590133,0.75,2.25,32,112
1972,West Germany,Cuba,0,3,8,0.015384615,0.013333333,0.75,3.5,32,76
1976,Canada,Cuba,0,6,13,0.03030303,0.021207178,2.25,6.5,32,227
1980,Soviet Union,Cuba,0,8,20,0.039215686,0.031695721,4.25,11.25,32,201
1992,Spain,Cuba,0,14,31,0.053846154,0.03803681,7.75,18,32,194
1996,United States,Cuba,0,9,25,0.033210332,0.029691211,9.25,22.25,32,288
2000,Australia,Cuba,0,11,29,0.036666667,0.031283711,10.5,26.25,32,196
2004,Greece,Cuba,0,9,27,0.029900332,0.029157667,10.75,28,32,178
2008,China,Cuba,0,3,30,0.009933775,0.03131524,8,27.75,32,271
2012,United Kingdom,Cuba,0,5,15,0.01650165,0.015625,7,25.25,32,177
2016,Brazil,Cuba,0,5,11,0.016339869,0.011316872,5.5,20.75,32,171
2020,Japan,Cuba,0,7,15,0.020588235,0.013888889,5,17.75,32,118
2024,France,Cuba,0,2,9,0.006097561,0.008662175,4.75,12.5,32,143
2012,United Kingdom,Cyprus,0,0,1,0,0.001041667,0,1,33,82
2024,France,Cyprus,0,0,1,0,0.000962464,0,1,33,69
1996,United States,Czech Republic,0,4,11,0.014760148,0.013064133,4,11,34,13
2000,Australia,Czech Republic,0,2,8,0.006666667,0.008629989,2,8,34,23
2004,Greece,Czech Republic,0,1,9,0.003322259,0.009719222,1,9,34,169
2008,China,Czech Republic,0,3,7,0.009933775,0.007306889,2.5,8.75,34,162
2012,United Kingdom,Czech Republic,0,4,11,0.01320132,0.011458333,2.5,8.75,34,171
2016,Brazil,Czech Republic,0,1,10,0.003267974,0.010288066,2.25,9.25,34,158
2020,Japan,Czech Republic,0,4,11,0.011764706,0.010185185,3,9.75,34,159
2024,France,Czech Republic,0,3,5,0.009146341,0.00481232,3,9.25,34,135
1920,Belgium,Czechoslovakia,0,0,2,0,0.00456621,0,2,35,151
1924,France,Czechoslovakia,0,1,10,0.007936508,0.026455026,1,10,35,149
1928,Netherlands,Czechoslovakia,0,2,9,0.018181818,0.027522936,2,9,35,182
1932,United States,Czechoslovakia,0,1,6,0.008,0.016216216,1,6.75,35,242
1936,Germany,Czechoslovakia,0,3,9,0.021276596,0.021327014,1.75,8.5,35,147
1948,United Kingdom,Czechoslovakia,0,6,11,0.043478261,0.02676399,3,8.75,35,44
1952,Finland,Czechoslovakia,0,7,13,0.046979866,0.02832244,4.25,9.75,35,293
1956,Australia,Czechoslovakia,0,1,6,0.006535948,0.012793177,4.25,9.75,35,153
1960,Italy,Czechoslovakia,0,3,8,0.019736842,0.017353579,4.25,9.5,35,218
1964,Japan,Czechoslovakia,0,5,14,0.030674847,0.027777778,4,10.25,35,161
1968,Mexico,Czechoslovakia,0,7,13,0.040229885,0.024667932,4,10.25,35,202
1972,West Germany,Czechoslovakia,0,2,8,0.01025641,0.013333333,4.25,10.75,35,187
1976,Canada,Czechoslovakia,0,2,8,0.01010101,0.013050571,4,10.75,35,203
1980,Soviet Union,Czechoslovakia,0,2,14,0.009803922,0.022187005,3.25,10.75,35,274
1988,South Korea,Czechoslovakia,0,3,8,0.012448133,0.01082544,2.25,9.5,35,251
1992,Spain,Czechoslovakia,0,4,7,0.015384615,0.008588957,2.75,9.25,35,317
1896,Greece,Denmark,0,1,6,0.023255814,0.049180328,1,6,36,226
1900,France,Denmark,0,1,6,0.010416667,0.021126761,1,6,36,269
1908,United Kingdom,Denmark,0,0,5,0,0.015432099,0,5,36,15
1912,Sweden,Denmark,0,1,12,0.009803922,0.038461538,0.75,7.25,36,36
1920,Belgium,Denmark,0,3,13,0.019354839,0.029680365,1.25,9,36,107
1924,France,Denmark,0,2,9,0.015873016,0.023809524,1.5,9.75,36,233
1928,Netherlands,Denmark,0,3,6,0.027272727,0.018348624,2.25,10,36,246
1932,United States,Denmark,0,0,8,0,0.021621622,2,9,36,158
1936,Germany,Denmark,0,0,5,0,0.011848341,1.25,7,36,122
1948,United Kingdom,Denmark,0,5,20,0.036231884,0.0486618,2,9.75,36,94
1952,Finland,Denmark,0,2,6,0.013422819,0.013071895,1.75,9.75,36,173
1956,Australia,Denmark,0,1,4,0.006535948,0.008528785,2,8.75,36,253
1960,Italy,Denmark,0,2,6,0.013157895,0.013015184,2.5,9,36,201
1964,Japan,Denmark,0,2,6,0.012269939,0.011904762,1.75,5.5,36,51
1968,Mexico,Denmark,0,1,8,0.005747126,0.015180266,1.5,6,36,109
1972,West Germany,Denmark,0,1,1,0.005128205,0.001666667,1.5,5.25,36,71
1976,Canada,Denmark,0,1,3,0.005050505,0.004893964,1.25,4.5,36,93
1980,Soviet Union,Denmark,0,2,5,0.009803922,0.00792393,1.25,4.25,36,155
1984,United States,Denmark,0,0,6,0,0.00872093,1,3.75,36,81
1988,South Korea,Denmark,0,2,4,0.008298755,0.00541272,1.25,4.5,36,60
1992,Spain,Denmark,0,1,6,0.003846154,0.007361963,1.25,5.25,36,74
1996,United States,Denmark,0,4,6,0.014760148,0.007125891,1.75,5.5,36,130
2000,Australia,Denmark,0,2,6,0.006666667,0.006472492,2.25,5.5,36,144
2004,Greece,Denmark,0,2,8,0.006644518,0.008639309,2.25,6.5,36,145
2008,China,Denmark,0,2,7,0.006622517,0.007306889,2.5,6.75,36,124
2012,United Kingdom,Denmark,0,2,9,0.00660066,0.009375,2,7.5,36,115
2016,Brazil,Denmark,0,2,15,0.006535948,0.015432099,2,9.75,36,108
2020,Japan,Denmark,0,3,11,0.008823529,0.010185185,2.25,10.5,36,149
2024,France,Denmark,0,2,9,0.006097561,0.008662175,2.25,11,36,143
1988,South Korea,Djibouti,0,0,1,0,0.00135318,0,1,37,138
2024,France,Dominica,0,1,1,0.00304878,0.000962464,1,1,38,161
1984,United States,Dominican Republic,0,0,1,0,0.001453488,0,1,39,6
2004,Greece,Dominican Republic,0,1,1,0.003322259,0.001079914,1,1,39,4
2008,China,Dominican Republic,0,1,2,0.003311258,0.002087683,1,2,39,24
2012,United Kingdom,Dominican Republic,0,1,2,0.00330033,0.002083333,0.75,1.5,39,33
2016,Brazil,Dominican Republic,0,0,1,0,0.001028807,0.75,1.5,39,27
2020,Japan,Dominican Republic,0,0,5,0,0.00462963,0.5,2.5,39,36
2024,France,Dominican Republic,0,1,3,0.00304878,0.002887392,0.5,2.75,39,30
1968,Mexico,East Germany,0,9,25,0.051724138,0.04743833,9,25,40,69
1976,Canada,East Germany,0,40,90,0.202020202,0.146818923,40,90,40,64
1980,Soviet Union,East Germany,0,47,126,0.230392157,0.199683043,29,76.75,40,432
1988,South Korea,East Germany,0,37,102,0.153526971,0.138024357,36,96,40,587
1996,United States,Ecuador,0,1,1,0.003690037,0.001187648,1,1,41,452
2020,Japan,Ecuador,0,2,3,0.005882353,0.002777778,2,3,41,516
2024,France,Ecuador,0,1,5,0.00304878,0.00481232,1,2.5,41,28
1928,Netherlands,Egypt,0,2,4,0.018181818,0.012232416,2,4,42,26
1936,Germany,Egypt,0,2,5,0.014184397,0.011848341,2,5,42,52
1948,United Kingdom,Egypt,0,2,5,0.014492754,0.01216545,2,5,42,47
1952,Finland,Egypt,0,0,1,0,0.002178649,1.5,3.75,42,43
1960,Italy,Egypt,0,0,2,0,0.004338395,1,3.25,42,66
1984,United States,Egypt,0,0,1,0,0.001453488,0.5,2.25,42,166
2004,Greece,Egypt,0,1,5,0.003322259,0.005399568,0.25,2.25,42,196
2016,Brazil,Egypt,0,0,3,0,0.00308642,0.25,3.5,42,148
2020,Japan,Egypt,0,1,6,0.002941176,0.005555556,0.25,3.75,42,104
2024,France,Egypt,0,1,3,0.00304878,0.002887392,0.5,4,42,116
2004,Greece,Eritrea,0,0,1,0,0.001079914,0,1,43,132
1920,Belgium,Estonia,0,1,3,0.006451613,0.006849315,1,3,44,137
1924,France,Estonia,0,1,6,0.007936508,0.015873016,1,6,44,195
1928,Netherlands,Estonia,0,2,5,0.018181818,0.01529052,2,5,44,207
1936,Germany,Estonia,0,2,7,0.014184397,0.016587678,1.5,5.25,44,5
1992,Spain,Estonia,0,1,2,0.003846154,0.002453988,1.5,5,44,20
2000,Australia,Estonia,0,1,3,0.003333333,0.003236246,1.5,4.25,44,47
2004,Greece,Estonia,0,0,3,0,0.003239741,1,3.75,44,23
2008,China,Estonia,0,1,2,0.003311258,0.002087683,0.75,2.5,44,36
2012,United Kingdom,Estonia,0,0,2,0,0.002083333,0.5,2.5,44,46
2016,Brazil,Estonia,0,0,1,0,0.001028807,0.25,2,44,41
2020,Japan,Estonia,0,1,2,0.002941176,0.001851852,0.5,1.75,44,45
1960,Italy,Ethiopia,0,1,1,0.006578947,0.002169197,1,1,45,53
1964,Japan,Ethiopia,0,1,1,0.006134969,0.001984127,1,1,45,36
1968,Mexico,Ethiopia,0,1,2,0.005747126,0.003795066,1,2,45,49
1972,West Germany,Ethiopia,0,0,2,0,0.003333333,0.75,1.5,45,42
1980,Soviet Union,Ethiopia,0,2,4,0.009803922,0.006339144,1,2.25,45,15
1992,Spain,Ethiopia,0,1,3,0.003846154,0.003680982,1,2.75,45,19
1996,United States,Ethiopia,0,2,3,0.007380074,0.003562945,1.25,3,45,26
2000,Australia,Ethiopia,0,4,8,0.013333333,0.008629989,2.25,4.5,45,40
2004,Greece,Ethiopia,0,2,7,0.006644518,0.007559395,2.25,5.25,45,48
2008,China,Ethiopia,0,4,7,0.013245033,0.007306889,3,6.25,45,24
2012,United Kingdom,Ethiopia,0,3,8,0.00990099,0.008333333,3.25,7.5,45,19
2016,Brazil,Ethiopia,0,1,8,0.003267974,0.008230453,2.5,7.5,45,27
2020,Japan,Ethiopia,0,1,4,0.002941176,0.003703704,2.25,6.75,45,27
2024,France,Ethiopia,0,1,4,0.00304878,0.003849856,1.5,6,45,29
2016,Brazil,Fiji,0,1,1,0.003267974,0.001028807,1,1,46,34
2020,Japan,Fiji,0,1,2,0.002941176,0.001851852,1,2,46,38
2024,France,Fiji,0,0,1,0,0.000962464,0,1,46,38
1908,United Kingdom,Finland,0,1,5,0.009090909,0.015432099,1,5,47,35
1912,Sweden,Finland,0,9,26,0.088235294,0.083333333,9,26,47,53
1920,Belgium,Finland,0,15,34,0.096774194,0.077625571,15,34,47,32
1924,France,Finland,0,14,37,0.111111111,0.097883598,9.75,25.5,47,36
1928,Netherlands,Finland,0,8,25,0.072727273,0.076452599,11.5,30.5,47,94
1932,United States,Finland,0,5,25,0.04,0.067567568,10.5,30.25,47,233
1936,Germany,Finland,0,8,20,0.056737589,0.047393365,8.75,26.75,47,136
1948,United Kingdom,Finland,0,8,20,0.057971014,0.0486618,7.25,22.5,47,253
1952,Finland,Finland,1,6,22,0.040268456,0.047930283,6.75,21.75,47,132
1956,Australia,Finland,0,3,15,0.019607843,0.031982942,6.25,19.25,47,66
1960,Italy,Finland,0,1,5,0.006578947,0.010845987,4.5,15.5,47,186
1964,Japan,Finland,0,3,5,0.018404908,0.009920635,3.25,11.75,47,215
1968,Mexico,Finland,0,1,4,0.005747126,0.007590133,2,7.25,47,412
1972,West Germany,Finland,0,3,8,0.015384615,0.013333333,2,5.5,47,147
1976,Canada,Finland,0,4,6,0.02020202,0.009787928,2.75,5.75,47,219
1980,Soviet Union,Finland,0,3,8,0.014705882,0.012678288,2.75,6.5,47,151
1984,United States,Finland,0,4,12,0.017699115,0.01744186,3.5,8.5,47,126
1988,South Korea,Finland,0,1,4,0.004149378,0.00541272,3,7.5,47,133
1992,Spain,Finland,0,1,5,0.003846154,0.006134969,2.25,7.25,47,108
1996,United States,Finland,0,1,4,0.003690037,0.004750594,1.75,6.25,47,125
2000,Australia,Finland,0,2,4,0.006666667,0.004314995,1.25,4.25,47,107
2004,Greece,Finland,0,0,2,0,0.002159827,1,3.75,47,101
2008,China,Finland,0,1,4,0.003311258,0.004175365,1,3.5,47,130
2012,United Kingdom,Finland,0,0,3,0,0.003125,0.75,3.25,47,105
2016,Brazil,Finland,0,0,1,0,0.001028807,0.25,2.5,47,88
2020,Japan,Finland,0,0,2,0,0.001851852,0.25,2.5,47,67
1896,Greece,France,0,5,11,0.11627907,0.090163934,5,11,49,70
1900,France,France,1,27,103,0.28125,0.362676056,16,57,49,69
1904,United States,France,0,0,1,0,0.003571429,10.66666667,38.33333333,49,67
1908,United Kingdom,France,0,5,19,0.045454545,0.058641975,9.25,33.5,49,49
1920,Belgium,France,0,9,41,0.058064516,0.093607306,5.25,18.75,49,26
1924,France,France,1,13,38,0.103174603,0.100529101,8.5,28,49,1071
1928,Netherlands,France,0,6,21,0.054545455,0.064220183,8.75,28.5,49,2
1932,United States,France,0,11,20,0.088,0.054054054,9.75,30,49,319
1936,Germany,France,0,7,19,0.04964539,0.045023697,9.25,24.5,49,232
1948,United Kingdom,France,0,10,29,0.072463768,0.070559611,8.5,22.25,49,452
1952,Finland,France,0,6,18,0.040268456,0.039215686,8.5,21.5,49,636
1956,Australia,France,0,4,14,0.026143791,0.029850746,6.75,20,49,422
1960,Italy,France,0,0,5,0,0.010845987,5,16.5,49,159
1964,Japan,France,0,1,15,0.006134969,0.029761905,2.75,13,49,303
1968,Mexico,France,0,7,15,0.040229885,0.028462998,3,12.25,49,433
1972,West Germany,France,0,2,13,0.01025641,0.021666667,2.5,12,49,408
1976,Canada,France,0,2,9,0.01010101,0.014681892,3,13,49,227
1980,Soviet Union,France,0,6,14,0.029411765,0.022187005,4.25,12.75,49,363
1984,United States,France,0,5,28,0.022123894,0.040697674,3.75,16,49,214
1988,South Korea,France,0,6,16,0.024896266,0.02165088,4.75,16.75,49,311
1992,Spain,France,0,8,29,0.030769231,0.035582822,6.25,21.75,49,356
1996,United States,France,0,15,37,0.055350554,0.043942993,8.5,27.5,49,302
2000,Australia,France,0,13,38,0.043333333,0.040992449,10.5,30,49,200
2004,Greece,France,0,11,33,0.03654485,0.035637149,11.75,34.25,49,354
2008,China,France,0,7,43,0.023178808,0.044885177,11.5,37.75,49,413
2012,United Kingdom,France,0,11,35,0.03630363,0.036458333,10.5,37.25,49,486
2016,Brazil,France,0,10,42,0.032679739,0.043209877,9.75,38.25,49,453
2020,Japan,France,0,10,33,0.029411765,0.030555556,9.5,38.25,49,470
2024,France,France,1,16,64,0.048780488,0.06159769,11.75,43.5,49,461
2012,United Kingdom,Gabon,0,0,1,0,0.001041667,0,1,50,448
1996,United States,Georgia,0,0,2,0,0.002375297,0,2,51,426
2000,Australia,Georgia,0,0,6,0,0.006472492,0,6,51,512
2004,Greece,Georgia,0,2,4,0.006644518,0.004319654,2,4,51,538
2008,China,Georgia,0,3,7,0.009933775,0.007306889,1.25,4.75,51,801
2012,United Kingdom,Georgia,0,1,6,0.00330033,0.00625,1.5,5.75,51,21
2016,Brazil,Georgia,0,2,7,0.006535948,0.007201646,2,6,51,42
2020,Japan,Georgia,0,2,8,0.005882353,0.007407407,2,7,51,47
2024,France,Georgia,0,3,7,0.009146341,0.006737247,2,7,51,39
1896,Greece,Germany,0,6,13,0.139534884,0.106557377,6,13,52,38
1900,France,Germany,0,4,9,0.041666667,0.031690141,5,11,52,36
1904,United States,Germany,0,4,15,0.041237113,0.053571429,4.666666667,12.33333333,52,45
1908,United Kingdom,Germany,0,3,13,0.027272727,0.040123457,4.25,12.5,52,36
1912,Sweden,Germany,0,5,25,0.049019608,0.080128205,4,15.5,52,38
1928,Netherlands,Germany,0,10,31,0.090909091,0.094801223,5.5,21,52,94
1932,United States,Germany,0,5,24,0.04,0.064864865,5.75,23.25,52,103
1936,Germany,Germany,1,38,101,0.269503546,0.239336493,14.5,45.25,52,55
1952,Finland,Germany,0,0,24,0,0.052287582,13.25,45,52,148
1992,Spain,Germany,0,33,82,0.126923077,0.100613497,19,57.75,52,312
1996,United States,Germany,0,20,65,0.073800738,0.07719715,22.75,68,52,399
2000,Australia,Germany,0,13,56,0.043333333,0.060409924,16.5,56.75,52,202
2004,Greece,Germany,0,13,49,0.043189369,0.052915767,19.75,63,52,581
2008,China,Germany,0,16,41,0.052980132,0.042797495,15.5,52.75,52,365
2012,United Kingdom,Germany,0,11,44,0.03630363,0.045833333,13.25,47.5,52,653
2016,Brazil,Germany,0,17,42,0.055555556,0.043209877,14.25,44,52,626
2020,Japan,Germany,0,10,37,0.029411765,0.034259259,13.5,41,52,567
2024,France,Germany,0,12,33,0.036585366,0.031761309,12.5,39,52,592
1960,Italy,Ghana,0,0,1,0,0.002169197,0,1,53,558
1964,Japan,Ghana,0,0,1,0,0.001984127,0,1,53,510
1972,West Germany,Ghana,0,0,1,0,0.001666667,0,1,53,536
1992,Spain,Ghana,0,0,1,0,0.001226994,0,1,53,597
2020,Japan,Ghana,0,0,1,0,0.000925926,0,1,53,647
1896,Greece,Great Britain,0,2,7,0.046511628,0.057377049,2,7,54,15
1900,France,Great Britain,0,15,31,0.15625,0.10915493,8.5,19,54,40
1904,United States,Great Britain,0,1,2,0.010309278,0.007142857,6,13.33333333,54,41
1908,United Kingdom,Great Britain,0,56,146,0.509090909,0.450617284,18.5,46.5,54,41
1912,Sweden,Great Britain,0,10,41,0.098039216,0.131410256,20.5,55,54,16
1920,Belgium,Great Britain,0,14,42,0.090322581,0.095890411,20.25,57.75,54,25
1924,France,Great Britain,0,9,34,0.071428571,0.08994709,22.25,65.75,54,146
1928,Netherlands,Great Britain,0,3,20,0.027272727,0.06116208,9,34.25,54,6
1932,United States,Great Britain,0,5,17,0.04,0.045945946,7.75,28.25,54,972
1936,Germany,Great Britain,0,4,14,0.028368794,0.033175355,5.25,21.25,54,461
1948,United Kingdom,Great Britain,0,3,23,0.02173913,0.055961071,3.75,18.5,54,345
1952,Finland,Great Britain,0,1,11,0.006711409,0.023965142,3.25,16.25,54,428
1956,Australia,Great Britain,0,6,24,0.039215686,0.051172708,3.5,18,54,354
1960,Italy,Great Britain,0,2,20,0.013157895,0.043383948,3,19.5,54,170
1964,Japan,Great Britain,0,4,18,0.024539877,0.035714286,3.25,18.25,54,250
1968,Mexico,Great Britain,0,5,13,0.028735632,0.024667932,4.25,18.75,54,590
1972,West Germany,Great Britain,0,4,18,0.020512821,0.03,3.75,17.25,54,401
1976,Canada,Great Britain,0,3,13,0.015151515,0.021207178,4,15.5,54,283
1980,Soviet Union,Great Britain,0,5,21,0.024509804,0.033280507,4.25,16.25,54,389
1984,United States,Great Britain,0,5,37,0.022123894,0.05377907,4.25,22.25,54,301
1988,South Korea,Great Britain,0,5,24,0.020746888,0.032476319,4.5,23.75,54,328
1992,Spain,Great Britain,0,5,20,0.019230769,0.024539877,5,25.5,54,433
1996,United States,Great Britain,0,1,15,0.003690037,0.017814727,4,24,54,353
2000,Australia,Great Britain,0,11,28,0.036666667,0.030204962,5.5,21.75,54,328
2004,Greece,Great Britain,0,9,30,0.029900332,0.032397408,6.5,23.25,54,509
2008,China,Great Britain,0,19,51,0.062913907,0.053235908,10,31,54,472
2012,United Kingdom,Great Britain,0,29,65,0.095709571,0.067708333,17,43.5,54,512
2016,Brazil,Great Britain,0,27,67,0.088235294,0.068930041,21,53.25,54,391
2020,Japan,Great Britain,0,22,64,0.064705882,0.059259259,24.25,61.75,54,415
2024,France,Great Britain,0,14,65,0.042682927,0.062560154,23,65.25,54,360
1896,Greece,Greece,1,10,47,0.23255814,0.385245902,10,47,55,420
1904,United States,Greece,0,1,2,0.010309278,0.007142857,5.5,24.5,55,684
1908,United Kingdom,Greece,0,0,4,0,0.012345679,0,4,55,478
1912,Sweden,Greece,0,1,2,0.009803922,0.006410256,3,13.75,55,548
1920,Belgium,Greece,0,0,1,0,0.002283105,0.5,2.25,55,533
1956,Australia,Greece,0,0,1,0,0.002132196,0.25,2,55,148
1960,Italy,Greece,0,1,1,0.006578947,0.002169197,0.5,1.25,55,17
1968,Mexico,Greece,0,0,1,0,0.001897533,0.25,1,55,49
1972,West Germany,Greece,0,0,2,0,0.003333333,0.25,1.25,55,77
1980,Soviet Union,Greece,0,1,3,0.004901961,0.004754358,0.5,1.75,55,98
1984,United States,Greece,0,0,2,0,0.002906977,0.25,2,55,16
1988,South Korea,Greece,0,0,1,0,0.00135318,0.25,2,55,59
1992,Spain,Greece,0,2,2,0.007692308,0.002453988,0.75,2,55,44
1996,United States,Greece,0,4,8,0.014760148,0.009501188,1.5,3.25,55,66
2000,Australia,Greece,0,4,13,0.013333333,0.014023732,2.5,6,55,45
2004,Greece,Greece,1,6,16,0.019933555,0.017278618,4,9.75,55,73
2008,China,Greece,0,0,3,0,0.003131524,3.5,10,55,72
2012,United Kingdom,Greece,0,0,2,0,0.002083333,2.5,8.5,55,76
2016,Brazil,Greece,0,3,6,0.009803922,0.00617284,2.25,6.75,55,180
2020,Japan,Greece,0,2,4,0.005882353,0.003703704,1.25,3.75,55,175
2024,France,Greece,0,1,8,0.00304878,0.007699711,1.5,5,55,499
2012,United Kingdom,Grenada,0,1,1,0.00330033,0.001041667,1,1,56,176
2016,Brazil,Grenada,0,0,1,0,0.001028807,0,1,56,115
2020,Japan,Grenada,0,0,1,0,0.000925926,0,1,56,104
2024,France,Grenada,0,0,2,0,0.001924928,0.25,1.25,56,100
2012,United Kingdom,Guatemala,0,0,1,0,0.001041667,0,1,57,126
2024,France,Guatemala,0,1,2,0.00304878,0.001924928,1,2,57,8
1980,Soviet Union,Guyana,0,0,1,0,0.001584786,0,1,58,6
1924,France,Haiti,0,0,1,0,0.002645503,0,1,59,6
1928,Netherlands,Haiti,0,0,1,0,0.003058104,0,1,59,6
1996,United States,Hong Kong,0,1,1,0.003690037,0.001187648,1,1,60,24
2004,Greece,Hong Kong,0,0,1,0,0.001079914,0,1,60,16
2012,United Kingdom,Hong Kong,0,0,1,0,0.001041667,0,1,60,10
2020,Japan,Hong Kong,0,1,6,0.002941176,0.005555556,0.5,2.25,60,16
2024,France,Hong Kong,0,2,4,0.006097561,0.003849856,0.75,3,60,3
1896,Greece,Hungary,0,2,6,0.046511628,0.049180328,2,6,61,32
1900,France,Hungary,0,1,5,0.010416667,0.017605634,1.5,5.5,61,42
1904,United States,Hungary,0,2,4,0.020618557,0.014285714,1.666666667,5,61,55
1908,United Kingdom,Hungary,0,3,9,0.027272727,0.027777778,2,6,61,65
1912,Sweden,Hungary,0,3,8,0.029411765,0.025641026,2.25,6.5,61,51
1924,France,Hungary,0,2,9,0.015873016,0.023809524,2.5,7.5,61,18
1928,Netherlands,Hungary,0,4,9,0.036363636,0.027522936,3,8.75,61,34
1932,United States,Hungary,0,6,16,0.048,0.043243243,3.75,10.5,61,9
1936,Germany,Hungary,0,10,16,0.070921986,0.037914692,5.5,12.5,61,107
1948,United Kingdom,Hungary,0,10,27,0.072463768,0.065693431,7.5,17,61,207
1952,Finland,Hungary,0,16,42,0.10738255,0.091503268,10.5,25.25,61,140
1956,Australia,Hungary,0,9,26,0.058823529,0.0554371,11.25,27.75,61,219
1960,Italy,Hungary,0,6,21,0.039473684,0.045553145,10.25,29,61,118
1964,Japan,Hungary,0,10,22,0.061349693,0.043650794,10.25,27.75,61,335
1968,Mexico,Hungary,0,10,32,0.057471264,0.060721063,8.75,25.25,61,222
1972,West Germany,Hungary,0,6,35,0.030769231,0.058333333,8,27.5,61,345
1976,Canada,Hungary,0,4,22,0.02020202,0.03588907,7.5,27.75,61,197
1980,Soviet Union,Hungary,0,7,32,0.034313725,0.050713154,6.75,30.25,61,312
1988,South Korea,Hungary,0,11,23,0.045643154,0.031123139,7,28,61,319
1992,Spain,Hungary,0,11,30,0.042307692,0.036809816,8.25,26.75,61,303
1996,United States,Hungary,0,7,21,0.025830258,0.024940618,9,26.5,61,367
2000,Australia,Hungary,0,8,17,0.026666667,0.018338727,9.25,22.75,61,288
2004,Greece,Hungary,0,8,17,0.026578073,0.018358531,8.5,21.25,61,392
2008,China,Hungary,0,3,10,0.009933775,0.010438413,6.5,16.25,61,315
2012,United Kingdom,Hungary,0,8,18,0.02640264,0.01875,6.75,15.5,61,351
2016,Brazil,Hungary,0,8,15,0.026143791,0.015432099,6.75,15,61,315
2020,Japan,Hungary,0,6,20,0.017647059,0.018518519,6.25,15.75,61,238
2024,France,Hungary,0,6,19,0.018292683,0.018286814,7,18,61,258
1956,Australia,Iceland,0,0,1,0,0.002132196,0,1,62,216
1984,United States,Iceland,0,0,1,0,0.001453488,0,1,62,201
2000,Australia,Iceland,0,0,1,0,0.001078749,0,1,62,204
2008,China,Iceland,0,0,1,0,0.001043841,0,1,62,237
2016,Brazil,Independent Olympic Athletes,0,1,2,0.003267974,0.002057613,1,2,63,255
1900,France,India,0,0,2,0,0.007042254,0,2,65,2
1928,Netherlands,India,0,1,1,0.009090909,0.003058104,1,1,65,35
1932,United States,India,0,1,1,0.008,0.002702703,1,1,65,29
1936,Germany,India,0,1,1,0.007092199,0.002369668,0.75,1.25,65,31
1948,United Kingdom,India,0,1,1,0.007246377,0.00243309,1,1,65,9
1956,Australia,India,0,1,1,0.006535948,0.002132196,1,1.25,65,5
1960,Italy,India,0,0,1,0,0.002169197,0.75,1.25,65,24
1964,Japan,India,0,1,1,0.006134969,0.001984127,0.75,1.25,65,26
1968,Mexico,India,0,0,1,0,0.001897533,0.5,1,65,30
1972,West Germany,India,0,0,1,0,0.001666667,0.25,1,65,89
1980,Soviet Union,India,0,1,1,0.004901961,0.001584786,0.5,1,65,94
1996,United States,India,0,0,1,0,0.001187648,0.25,1,65,79
2000,Australia,India,0,0,1,0,0.001078749,0.25,1,65,49
2004,Greece,India,0,0,1,0,0.001079914,0.25,1,65,111
2008,China,India,0,1,3,0.003311258,0.003131524,0.25,1.5,65,27
2012,United Kingdom,India,0,0,6,0,0.00625,0.25,2.75,65,43
2016,Brazil,India,0,0,2,0,0.002057613,0.25,3,65,78
2020,Japan,India,0,1,7,0.002941176,0.006481481,0.5,4.5,65,54
2024,France,India,0,0,6,0,0.005774783,0.25,5.25,65,70
1988,South Korea,Indonesia,0,0,1,0,0.00135318,0,1,66,81
1992,Spain,Indonesia,0,2,5,0.007692308,0.006134969,2,5,66,67
1996,United States,Indonesia,0,1,4,0.003690037,0.004750594,1,4,66,95
2000,Australia,Indonesia,0,1,6,0.003333333,0.006472492,1,4,66,130
2004,Greece,Indonesia,0,1,4,0.003322259,0.004319654,1.25,4.75,66,151
2008,China,Indonesia,0,1,6,0.003311258,0.006263048,1,5,66,138
2012,United Kingdom,Indonesia,0,0,3,0,0.003125,0.75,4.75,66,43
2016,Brazil,Indonesia,0,1,3,0.003267974,0.00308642,0.75,4,66,51
2020,Japan,Indonesia,0,1,5,0.002941176,0.00462963,0.75,4.25,66,45
2024,France,Indonesia,0,2,3,0.006097561,0.002887392,1,3.5,66,54
1948,United Kingdom,Iran,0,0,1,0,0.00243309,0,1,67,39
1952,Finland,Iran,0,0,7,0,0.015250545,0,7,67,26
1956,Australia,Iran,0,2,5,0.013071895,0.010660981,2,5,67,22
1960,Italy,Iran,0,0,4,0,0.00867679,0.5,4.25,67,31
1964,Japan,Iran,0,0,2,0,0.003968254,0.5,4.5,67,35
1968,Mexico,Iran,0,2,5,0.011494253,0.009487666,1,4,67,36
1972,West Germany,Iran,0,0,3,0,0.005,0.5,3.5,67,39
1976,Canada,Iran,0,0,2,0,0.003262643,0.5,3,67,23
1988,South Korea,Iran,0,0,1,0,0.00135318,0.5,2.75,67,17
1992,Spain,Iran,0,0,3,0,0.003680982,0,2.25,67,24
1996,United States,Iran,0,1,3,0.003690037,0.003562945,0.25,2.25,67,96
2000,Australia,Iran,0,3,4,0.01,0.004314995,1,2.75,67,14
2004,Greece,Iran,0,2,6,0.006644518,0.006479482,1.5,4,67,56
2008,China,Iran,0,1,2,0.003311258,0.002087683,1.75,3.75,67,104
2012,United Kingdom,Iran,0,7,13,0.02310231,0.013541667,3.25,6.25,67,26
2016,Brazil,Iran,0,3,8,0.009803922,0.008230453,3.25,7.25,67,44
2020,Japan,Iran,0,3,7,0.008823529,0.006481481,3.5,7.5,67,18
2024,France,Iran,0,3,12,0.009146341,0.011549567,4,10,67,34
1960,Italy,Iraq,0,0,1,0,0.002169197,0,1,68,37
1928,Netherlands,Ireland,0,1,1,0.009090909,0.003058104,1,1,69,55
1932,United States,Ireland,0,2,2,0.016,0.005405405,2,2,69,57
1952,Finland,Ireland,0,0,1,0,0.002178649,0,1,69,67
1956,Australia,Ireland,0,1,5,0.006535948,0.010660981,1,2.25,69,76
1964,Japan,Ireland,0,0,1,0,0.001984127,0.75,2.25,69,46
1980,Soviet Union,Ireland,0,0,2,0,0.003169572,0.25,2.25,69,28
1984,United States,Ireland,0,0,1,0,0.001453488,0.25,2.25,69,44
1992,Spain,Ireland,0,1,2,0.003846154,0.002453988,0.25,1.5,69,18
1996,United States,Ireland,0,3,4,0.011070111,0.004750594,1,2.25,69,25
2000,Australia,Ireland,0,0,1,0,0.001078749,1,2,69,25
2008,China,Ireland,0,0,3,0,0.003131524,1,2.5,69,35
2012,United Kingdom,Ireland,0,1,6,0.00330033,0.00625,1,3.5,69,57
2016,Brazil,Ireland,0,0,2,0,0.002057613,0.25,3,69,55
2020,Japan,Ireland,0,2,4,0.005882353,0.003703704,0.75,3.75,69,77
2024,France,Ireland,0,4,7,0.012195122,0.006737247,1.75,4.75,69,99
1992,Spain,Israel,0,0,2,0,0.002453988,0,2,70,76
1996,United States,Israel,0,0,1,0,0.001187648,0,1,70,63
2000,Australia,Israel,0,0,1,0,0.001078749,0,1,70,76
2004,Greece,Israel,0,1,2,0.003322259,0.002159827,0.25,1.5,70,93
2008,China,Israel,0,0,1,0,0.001043841,0.25,1.25,70,150
2016,Brazil,Israel,0,0,2,0,0.002057613,0.25,1.5,70,185
2020,Japan,Israel,0,2,4,0.005882353,0.003703704,0.75,2.25,70,44
2024,France,Israel,0,1,7,0.00304878,0.006737247,0.75,3.5,70,38
1900,France,Italy,0,3,5,0.03125,0.017605634,3,5,71,58
1908,United Kingdom,Italy,0,2,4,0.018181818,0.012345679,2,4,71,46
1912,Sweden,Italy,0,3,6,0.029411765,0.019230769,3,6,71,60
1920,Belgium,Italy,0,13,23,0.083870968,0.052511416,5.25,9.5,71,59
1924,France,Italy,0,8,16,0.063492063,0.042328042,6.5,12.25,71,128
1928,Netherlands,Italy,0,7,19,0.063636364,0.058103976,7.75,16,71,138
1932,United States,Italy,0,12,36,0.096,0.097297297,10,23.5,71,36
1936,Germany,Italy,0,9,27,0.063829787,0.063981043,9,24.5,71,97
1948,United Kingdom,Italy,0,8,27,0.057971014,0.065693431,9,27.25,71,96
1952,Finland,Italy,0,8,21,0.053691275,0.045751634,9.25,27.75,71,291
1956,Australia,Italy,0,8,25,0.052287582,0.053304904,8.25,25,71,333
1960,Italy,Italy,1,13,36,0.085526316,0.078091106,9.25,27.25,71,273
1964,Japan,Italy,0,10,27,0.061349693,0.053571429,9.75,27.25,71,154
1968,Mexico,Italy,0,3,16,0.017241379,0.030360531,8.5,26,71,349
1972,West Germany,Italy,0,5,18,0.025641026,0.03,7.75,24.25,71,310
1976,Canada,Italy,0,2,13,0.01010101,0.021207178,5,18.5,71,376
1980,Soviet Union,Italy,0,8,15,0.039215686,0.023771791,4.5,15.5,71,207
1984,United States,Italy,0,14,32,0.061946903,0.046511628,7.25,19.5,71,402
1988,South Korea,Italy,0,6,14,0.024896266,0.01894452,7.5,18.5,71,256
1992,Spain,Italy,0,6,19,0.023076923,0.023312883,8.5,20,71,268
1996,United States,Italy,0,13,35,0.04797048,0.041567696,9.75,25,71,345
2000,Australia,Italy,0,13,34,0.043333333,0.036677454,9.5,25.5,71,312
2004,Greece,Italy,0,10,32,0.033222591,0.034557235,10.5,30,71,203
2008,China,Italy,0,8,27,0.026490066,0.028183716,11,32,71,368
2012,United Kingdom,Italy,0,8,28,0.02640264,0.029166667,9.75,30.25,71,374
2016,Brazil,Italy,0,8,28,0.026143791,0.028806584,8.5,28.75,71,431
2020,Japan,Italy,0,10,40,0.029411765,0.037037037,8.5,30.75,71,460
2024,France,Italy,0,12,40,0.036585366,0.038498556,9.5,34,71,457
1984,United States,Ivory Coast,0,0,1,0,0.001453488,0,1,72,474
2016,Brazil,Ivory Coast,0,1,2,0.003267974,0.002057613,1,2,72,459
2020,Japan,Ivory Coast,0,0,1,0,0.000925926,0,1,72,382
2024,France,Ivory Coast,0,0,1,0,0.000962464,0.25,1.25,72,399
1948,United Kingdom,Jamaica,0,1,3,0.007246377,0.00729927,1,3,73,524
1952,Finland,Jamaica,0,2,5,0.013422819,0.010893246,2,5,73,610
1968,Mexico,Jamaica,0,0,1,0,0.001897533,0,1,73,18
1972,West Germany,Jamaica,0,0,1,0,0.001666667,0.75,2.5,73,15
1976,Canada,Jamaica,0,1,2,0.005050505,0.003262643,0.75,2.25,73,32
1980,Soviet Union,Jamaica,0,0,3,0,0.004754358,0.25,1.75,73,18
1984,United States,Jamaica,0,0,3,0,0.004360465,0.25,2.25,73,26
1988,South Korea,Jamaica,0,0,2,0,0.00270636,0.25,2.5,73,16
1992,Spain,Jamaica,0,0,4,0,0.004907975,0,3,73,35
1996,United States,Jamaica,0,1,6,0.003690037,0.007125891,0.25,3.75,73,51
2000,Australia,Jamaica,0,0,9,0,0.009708738,0.25,5.25,73,36
2004,Greece,Jamaica,0,2,5,0.006644518,0.005399568,0.75,6,73,32
2008,China,Jamaica,0,5,11,0.016556291,0.011482255,2,7.75,73,75
2012,United Kingdom,Jamaica,0,4,13,0.01320132,0.013541667,2.75,9.5,73,49
2016,Brazil,Jamaica,0,6,11,0.019607843,0.011316872,4.25,10,73,51
2020,Japan,Jamaica,0,4,9,0.011764706,0.008333333,4.75,11,73,69
2024,France,Jamaica,0,1,6,0.00304878,0.005774783,3.75,9.75,73,65
1920,Belgium,Japan,0,0,2,0,0.00456621,0,2,74,62
1924,France,Japan,0,0,1,0,0.002645503,0,1,74,66
1928,Netherlands,Japan,0,2,5,0.018181818,0.01529052,2,5,74,62
1932,United States,Japan,0,7,18,0.056,0.048648649,2.25,6.5,74,77
1936,Germany,Japan,0,6,20,0.042553191,0.047393365,3.75,11,74,87
1952,Finland,Japan,0,1,9,0.006711409,0.019607843,4,13,74,81
1956,Australia,Japan,0,4,19,0.026143791,0.040511727,4.5,16.5,74,26
1960,Italy,Japan,0,4,18,0.026315789,0.039045553,3.75,16.5,74,37
1964,Japan,Japan,1,16,29,0.098159509,0.057539683,6.25,18.75,74,56
1968,Mexico,Japan,0,11,25,0.063218391,0.04743833,8.75,22.75,74,203
1972,West Germany,Japan,0,13,29,0.066666667,0.048333333,11,25.25,74,325
1976,Canada,Japan,0,9,25,0.045454545,0.040783034,12.25,27,74,133
1984,United States,Japan,0,10,32,0.044247788,0.046511628,10.75,27.75,74,222
1988,South Korea,Japan,0,4,14,0.01659751,0.01894452,9,25,74,278
1992,Spain,Japan,0,3,22,0.011538462,0.026993865,6.5,23.25,74,456
1996,United States,Japan,0,3,14,0.011070111,0.016627078,5,20.5,74,289
2000,Australia,Japan,0,5,18,0.016666667,0.019417476,3.75,17,74,293
2004,Greece,Japan,0,16,37,0.053156146,0.039956803,6.75,22.75,74,328
2008,China,Japan,0,9,25,0.029801325,0.026096033,8.25,23.5,74,365
2012,United Kingdom,Japan,0,7,38,0.02310231,0.039583333,9.25,29.5,74,412
2016,Brazil,Japan,0,12,41,0.039215686,0.04218107,11,35.25,74,392
2020,Japan,Japan,1,27,58,0.079411765,0.053703704,13.75,40.5,74,448
2024,France,Japan,0,20,45,0.06097561,0.043310876,16.5,45.5,74,363
2016,Brazil,Jordan,0,1,1,0.003267974,0.001028807,1,1,75,414
2020,Japan,Jordan,0,0,2,0,0.001851852,0,2,75,457
2024,France,Jordan,0,0,1,0,0.000962464,0,1,75,399
1996,United States,Kazakhstan,0,3,11,0.011070111,0.013064133,3,11,76,436
2000,Australia,Kazakhstan,0,3,7,0.01,0.007551241,3,7,76,787
2004,Greece,Kazakhstan,0,1,8,0.003322259,0.008639309,1,8,76,598
2008,China,Kazakhstan,0,2,9,0.006622517,0.009394572,2.25,8.75,76,8
2012,United Kingdom,Kazakhstan,0,3,11,0.00990099,0.011458333,2.25,8.75,76,15
2016,Brazil,Kazakhstan,0,2,17,0.006535948,0.017489712,2,11.25,76,13
2020,Japan,Kazakhstan,0,0,8,0,0.007407407,1.75,11.25,76,142
2024,France,Kazakhstan,0,1,7,0.00304878,0.006737247,1.5,10.75,76,158
1964,Japan,Kenya,0,0,1,0,0.001984127,0,1,77,130
1968,Mexico,Kenya,0,3,9,0.017241379,0.017077799,3,9,77,146
1972,West Germany,Kenya,0,2,9,0.01025641,0.015,2,9,77,132
1984,United States,Kenya,0,1,3,0.004424779,0.004360465,1.5,5.5,77,123
1988,South Korea,Kenya,0,5,9,0.020746888,0.01217862,2.75,7.5,77,116
1992,Spain,Kenya,0,2,8,0.007692308,0.009815951,2.5,7.25,77,123
1996,United States,Kenya,0,1,8,0.003690037,0.009501188,2.25,7,77,41
2000,Australia,Kenya,0,2,7,0.006666667,0.007551241,2.5,8,77,50
2004,Greece,Kenya,0,1,7,0.003322259,0.007559395,1.5,7.5,77,69
2008,China,Kenya,0,6,16,0.01986755,0.016701461,2.5,9.5,77,67
2012,United Kingdom,Kenya,0,2,13,0.00660066,0.013541667,2.75,10.75,77,88
2016,Brazil,Kenya,0,6,13,0.019607843,0.013374486,3.75,12.25,77,55
2020,Japan,Kenya,0,4,10,0.011764706,0.009259259,4.5,13,77,54
2024,France,Kenya,0,4,11,0.012195122,0.010587103,4,11.75,77,59
2016,Brazil,Kosovo,0,1,1,0.003267974,0.001028807,1,1,78,46
2020,Japan,Kosovo,0,2,2,0.005882353,0.001851852,2,2,78,47
2024,France,Kosovo,0,0,2,0,0.001924928,0,2,78,51
2000,Australia,Kuwait,0,0,1,0,0.001078749,0,1,79,80
2012,United Kingdom,Kuwait,0,0,1,0,0.001041667,0,1,79,89
2020,Japan,Kuwait,0,0,1,0,0.000925926,0,1,79,77
2000,Australia,Kyrgyzstan,0,0,1,0,0.001078749,0,1,80,8
2008,China,Kyrgyzstan,0,0,3,0,0.003131524,0,3,80,11
2020,Japan,Kyrgyzstan,0,0,3,0,0.002777778,0,3,80,9
2024,France,Kyrgyzstan,0,0,6,0,0.005774783,0,3.25,80,30
1932,United States,Latvia,0,0,1,0,0.002702703,0,1,81,12
1936,Germany,Latvia,0,0,2,0,0.004739336,0,2,81,10
1992,Spain,Latvia,0,0,3,0,0.003680982,0,3,81,71
1996,United States,Latvia,0,0,1,0,0.001187648,0,1.75,81,22
2000,Australia,Latvia,0,1,3,0.003333333,0.003236246,0.25,2.25,81,17
2004,Greece,Latvia,0,0,4,0,0.004319654,0.25,2.75,81,17
2008,China,Latvia,0,1,3,0.003311258,0.003131524,0.5,2.75,81,13
2012,United Kingdom,Latvia,0,1,2,0.00330033,0.002083333,0.75,3,81,33
2020,Japan,Latvia,0,1,2,0.002941176,0.001851852,0.75,2.75,81,40
1992,Spain,Lithuania,0,1,2,0.003846154,0.002453988,1,2,83,55
1996,United States,Lithuania,0,0,1,0,0.001187648,0,1,83,60
2000,Australia,Lithuania,0,2,5,0.006666667,0.005393743,2,5,83,45
2004,Greece,Lithuania,0,1,3,0.003322259,0.003239741,1,2.75,83,53
2008,China,Lithuania,0,0,5,0,0.005219207,0.75,3.5,83,50
2012,United Kingdom,Lithuania,0,2,5,0.00660066,0.005208333,1.25,4.5,83,38
2016,Brazil,Lithuania,0,0,4,0,0.004115226,0.75,4.25,83,80
2020,Japan,Lithuania,0,0,1,0,0.000925926,0.5,3.75,83,59
2024,France,Lithuania,0,0,4,0,0.003849856,0.5,3.5,83,63
1900,France,Luxembourg,0,1,1,0.010416667,0.003521127,1,1,84,54
1920,Belgium,Luxembourg,0,0,1,0,0.002283105,0,1,84,81
1952,Finland,Luxembourg,0,1,1,0.006711409,0.002178649,1,1,84,77
1992,Spain,Malaysia,0,0,1,0,0.001226994,0,1,86,70
1996,United States,Malaysia,0,0,2,0,0.002375297,0,2,86,78
2008,China,Malaysia,0,0,1,0,0.001043841,0,1,86,72
2012,United Kingdom,Malaysia,0,0,2,0,0.002083333,0,1.5,86,80
2016,Brazil,Malaysia,0,0,5,0,0.005144033,0,2.5,86,59
2020,Japan,Malaysia,0,0,2,0,0.001851852,0,2.5,86,63
2024,France,Malaysia,0,0,2,0,0.001924928,0,2.75,86,1
2008,China,Mauritius,0,0,1,0,0.001043841,0,1,87,35
1932,United States,Mexico,0,0,2,0,0.005405405,0,2,88,101
1948,United Kingdom,Mexico,0,2,5,0.014492754,0.01216545,2,5,88,30
1952,Finland,Mexico,0,0,1,0,0.002178649,0.5,2.75,88,43
1956,Australia,Mexico,0,1,2,0.006535948,0.004264392,0.75,2.75,88,42
1960,Italy,Mexico,0,0,1,0,0.002169197,0.75,2.25,88,38
1964,Japan,Mexico,0,0,1,0,0.001984127,0.25,1.25,88,42
1968,Mexico,Mexico,1,3,9,0.017241379,0.017077799,1,3.25,88,47
1972,West Germany,Mexico,0,0,1,0,0.001666667,0.75,3,88,32
1976,Canada,Mexico,0,1,2,0.005050505,0.003262643,1,3.25,88,11
1980,Soviet Union,Mexico,0,0,4,0,0.006339144,1,4,88,100
1984,United States,Mexico,0,2,6,0.008849558,0.00872093,0.75,3.25,88,32
1988,South Korea,Mexico,0,0,2,0,0.00270636,0.75,3.5,88,149
1992,Spain,Mexico,0,0,1,0,0.001226994,0.5,3.25,88,85
1996,United States,Mexico,0,0,1,0,0.001187648,0.5,2.5,88,36
2000,Australia,Mexico,0,1,6,0.003333333,0.006472492,0.25,2.5,88,110
2004,Greece,Mexico,0,0,4,0,0.004319654,0.25,3,88,128
2008,China,Mexico,0,2,4,0.006622517,0.004175365,0.75,3.75,88,446
2012,United Kingdom,Mexico,0,1,8,0.00330033,0.008333333,1,5.5,88,281
2016,Brazil,Mexico,0,0,5,0,0.005144033,0.75,5.25,88,137
2020,Japan,Mexico,0,0,4,0,0.003703704,0.75,5.25,88,74
2024,France,Mexico,0,0,5,0,0.00481232,0.25,5.5,88,155
1996,United States,Moldova,0,0,2,0,0.002375297,0,2,90,144
2000,Australia,Moldova,0,0,2,0,0.002157497,0,2,90,140
2008,China,Moldova,0,0,1,0,0.001043841,0,1,90,111
2020,Japan,Moldova,0,0,1,0,0.000925926,0,1.5,90,98
2024,France,Moldova,0,0,4,0,0.003849856,0,2,90,137
1968,Mexico,Mongolia,0,0,4,0,0.007590133,0,4,91,103
1972,West Germany,Mongolia,0,0,1,0,0.001666667,0,1,91,119
1976,Canada,Mongolia,0,0,1,0,0.001631321,0,1,91,139
1980,Soviet Union,Mongolia,0,0,4,0,0.006339144,0,2.5,91,196
1988,South Korea,Mongolia,0,0,1,0,0.00135318,0,1.75,91,155
2008,China,Mongolia,0,2,4,0.006622517,0.004175365,0.5,2,91,50
2012,United Kingdom,Mongolia,0,0,5,0,0.005208333,0.5,2.75,91,35
2016,Brazil,Mongolia,0,0,2,0,0.002057613,0.5,3,91,30
2020,Japan,Mongolia,0,0,4,0,0.003703704,0.5,3.75,91,26
2024,France,Mongolia,0,0,1,0,0.000962464,0,3,91,30
2012,United Kingdom,Montenegro,0,0,1,0,0.001041667,0,1,92,38
1960,Italy,Morocco,0,0,1,0,0.002169197,0,1,93,44
1984,United States,Morocco,0,2,2,0.008849558,0.002906977,2,2,93,33
1988,South Korea,Morocco,0,1,3,0.004149378,0.00405954,1,3,93,57
1992,Spain,Morocco,0,1,3,0.003846154,0.003680982,1,2.25,93,32
1996,United States,Morocco,0,0,2,0,0.002375297,1,2.5,93,38
2000,Australia,Morocco,0,0,5,0,0.005393743,0.5,3.25,93,18
2004,Greece,Morocco,0,2,3,0.006644518,0.003239741,0.75,3.25,93,21
2008,China,Morocco,0,0,2,0,0.002087683,0.5,3,93,31
2012,United Kingdom,Morocco,0,0,1,0,0.001041667,0.5,2.75,93,32
2016,Brazil,Morocco,0,0,1,0,0.001028807,0.5,1.75,93,46
2020,Japan,Morocco,0,1,1,0.002941176,0.000925926,0.25,1.25,93,61
2024,France,Morocco,0,1,2,0.00304878,0.001924928,0.5,1.25,93,48
1996,United States,Mozambique,0,0,1,0,0.001187648,0,1,94,34
2000,Australia,Mozambique,0,1,1,0.003333333,0.001078749,1,1,94,111
1992,Spain,Namibia,0,0,2,0,0.002453988,0,2,95,35
1996,United States,Namibia,0,0,2,0,0.002375297,0,2,95,29
2020,Japan,Namibia,0,0,1,0,0.000925926,0,1,95,45
1900,France,Netherlands,0,0,5,0,0.017605634,0,5,96,38
1908,United Kingdom,Netherlands,0,0,2,0,0.00617284,0,2,96,55
1912,Sweden,Netherlands,0,0,3,0,0.009615385,0,3,96,57
1920,Belgium,Netherlands,0,4,11,0.025806452,0.025114155,1,5.25,96,49
1924,France,Netherlands,0,4,10,0.031746032,0.026455026,2,6.5,96,67
1928,Netherlands,Netherlands,1,6,19,0.054545455,0.058103976,3.5,10.75,96,52
1932,United States,Netherlands,0,2,8,0.016,0.021621622,4,12,96,51
1936,Germany,Netherlands,0,6,17,0.042553191,0.04028436,4.5,13.5,96,63
1948,United Kingdom,Netherlands,0,5,16,0.036231884,0.03892944,4.75,15,96,3
1952,Finland,Netherlands,0,0,5,0,0.010893246,3.25,11.5,96,4
1960,Italy,Netherlands,0,0,3,0,0.006507592,2.75,10.25,96,10
1964,Japan,Netherlands,0,2,10,0.012269939,0.01984127,1.75,8.5,96,10
1968,Mexico,Netherlands,0,3,7,0.017241379,0.013282732,1.25,6.25,96,11
1972,West Germany,Netherlands,0,3,5,0.015384615,0.008333333,2,6.25,96,73
1976,Canada,Netherlands,0,0,5,0,0.008156607,2,6.75,96,218
1980,Soviet Union,Netherlands,0,0,3,0,0.004754358,1.5,5,96,45
1984,United States,Netherlands,0,5,13,0.022123894,0.018895349,2,6.5,96,213
1988,South Korea,Netherlands,0,2,9,0.008298755,0.01217862,1.75,7.5,96,246
1992,Spain,Netherlands,0,2,15,0.007692308,0.018404908,2.25,10,96,384
1996,United States,Netherlands,0,4,19,0.014760148,0.022565321,3.25,14,96,80
2000,Australia,Netherlands,0,12,25,0.04,0.026968716,5,17,96,227
2004,Greece,Netherlands,0,4,22,0.013289037,0.023758099,5.5,20.25,96,187
2008,China,Netherlands,0,7,16,0.023178808,0.016701461,6.75,20.5,96,11
2012,United Kingdom,Netherlands,0,6,20,0.01980198,0.020833333,7.25,20.75,96,180
2016,Brazil,Netherlands,0,8,19,0.026143791,0.019547325,6.25,19.25,96,5
2020,Japan,Netherlands,0,10,36,0.029411765,0.033333333,7.75,22.75,96,160
2024,France,Netherlands,0,15,34,0.045731707,0.032723773,9.75,27.25,96,4
1988,South Korea,Netherlands Antilles,0,0,1,0,0.00135318,0,1,97,158
1920,Belgium,New Zealand,0,0,1,0,0.002283105,0,1,98,5
1924,France,New Zealand,0,0,1,0,0.002645503,0,1,98,140
1928,Netherlands,New Zealand,0,1,1,0.009090909,0.003058104,1,1,98,2
1932,United States,New Zealand,0,0,1,0,0.002702703,0.25,1,98,199
1936,Germany,New Zealand,0,1,1,0.007092199,0.002369668,0.5,1,98,4
1952,Finland,New Zealand,0,1,3,0.006711409,0.006535948,0.75,1.5,98,175
1956,Australia,New Zealand,0,2,2,0.013071895,0.004264392,1,1.75,98,112
1960,Italy,New Zealand,0,2,3,0.013157895,0.006507592,1.5,2.25,98,13
1964,Japan,New Zealand,0,3,5,0.018404908,0.009920635,2,3.25,98,185
1968,Mexico,New Zealand,0,1,3,0.005747126,0.0056926,2,3.25,98,4
1976,Canada,New Zealand,0,2,4,0.01010101,0.006525285,1.75,3.75,98,202
1984,United States,New Zealand,0,8,11,0.03539823,0.015988372,3,5.25,98,4
1988,South Korea,New Zealand,0,3,13,0.012448133,0.01759134,3.5,7.75,98,257
1992,Spain,New Zealand,0,1,10,0.003846154,0.012269939,3.5,9.5,98,7
1996,United States,New Zealand,0,3,6,0.011070111,0.007125891,3.75,10,98,290
2000,Australia,New Zealand,0,1,4,0.003333333,0.004314995,2,8.25,98,8
2004,Greece,New Zealand,0,3,5,0.009966777,0.005399568,2,6.25,98,285
2008,China,New Zealand,0,3,9,0.009933775,0.009394572,2.5,6,98,3
2012,United Kingdom,New Zealand,0,6,13,0.01980198,0.013541667,3.25,7.75,98,264
2016,Brazil,New Zealand,0,4,18,0.013071895,0.018518519,4,11.25,98,4
2020,Japan,New Zealand,0,7,20,0.020588235,0.018518519,5,15,98,283
2024,France,New Zealand,0,10,20,0.030487805,0.019249278,6.75,17.75,98,222
1972,West Germany,Niger,0,0,1,0,0.001666667,0,1,99,329
2016,Brazil,Niger,0,0,1,0,0.001028807,0,1,99,391
1964,Japan,Nigeria,0,0,1,0,0.001984127,0,1,100,449
1984,United States,Nigeria,0,0,2,0,0.002906977,0,2,100,6
1992,Spain,Nigeria,0,0,4,0,0.004907975,0,2,100,6
1996,United States,Nigeria,0,2,6,0.007380074,0.007125891,0.5,3.25,100,13
2000,Australia,Nigeria,0,1,3,0.003333333,0.003236246,0.75,3.75,100,29
2004,Greece,Nigeria,0,0,2,0,0.002159827,0.75,3.75,100,9
2008,China,Nigeria,0,0,5,0,0.005219207,0.75,4,100,20
2016,Brazil,Nigeria,0,0,1,0,0.001028807,0.25,2.75,100,57
2020,Japan,Nigeria,0,0,2,0,0.001851852,0,2.5,100,47
1972,West Germany,North Korea,0,1,5,0.005128205,0.008333333,1,5,101,88
1976,Canada,North Korea,0,1,2,0.005050505,0.003262643,1,2,101,65
1980,Soviet Union,North Korea,0,0,5,0,0.00792393,0,5,101,112
1992,Spain,North Korea,0,4,9,0.015384615,0.011042945,1.5,5.25,101,98
1996,United States,North Korea,0,2,5,0.007380074,0.005938242,1.75,5.25,101,162
2000,Australia,North Korea,0,0,4,0,0.004314995,1.5,5.75,101,112
2004,Greece,North Korea,0,0,5,0,0.005399568,1.5,5.75,101,175
2008,China,North Korea,0,2,6,0.006622517,0.006263048,1,5,101,129
2012,United Kingdom,North Korea,0,4,6,0.01320132,0.00625,1.5,5.25,101,177
2016,Brazil,North Korea,0,2,7,0.006535948,0.007201646,2,6,101,184
2024,France,North Korea,0,0,6,0,0.005774783,2,6.25,101,201
2020,Japan,North Macedonia,0,0,1,0,0.000925926,0,1,102,204
1900,France,Norway,0,0,5,0,0.017605634,0,5,103,232
1904,United States,Norway,0,2,2,0.020618557,0.007142857,1,3.5,103,279
1908,United Kingdom,Norway,0,2,8,0.018181818,0.024691358,2,8,103,253
1912,Sweden,Norway,0,3,10,0.029411765,0.032051282,1.75,6.25,103,4
1920,Belgium,Norway,0,13,31,0.083870968,0.070776256,5,12.75,103,6
1924,France,Norway,0,5,10,0.03968254,0.026455026,5.75,14.75,103,19
1928,Netherlands,Norway,0,1,4,0.009090909,0.012232416,5.5,13.75,103,36
1936,Germany,Norway,0,1,6,0.007092199,0.014218009,5,12.75,103,36
1948,United Kingdom,Norway,0,1,7,0.007246377,0.01703163,2,6.75,103,72
1952,Finland,Norway,0,3,5,0.020134228,0.010893246,1.5,5.5,103,84
1956,Australia,Norway,0,1,3,0.006535948,0.006396588,1.5,5.25,103,100
1960,Italy,Norway,0,1,1,0.006578947,0.002169197,1.5,4,103,79
1968,Mexico,Norway,0,1,2,0.005747126,0.003795066,1.5,2.75,103,89
1972,West Germany,Norway,0,2,4,0.01025641,0.006666667,1.25,2.5,103,77
1976,Canada,Norway,0,1,2,0.005050505,0.003262643,1.25,2.25,103,68
1984,United States,Norway,0,0,3,0,0.004360465,1,2.75,103,83
1988,South Korea,Norway,0,2,5,0.008298755,0.0067659,1.25,3.5,103,40
1992,Spain,Norway,0,2,7,0.007692308,0.008588957,1.25,4.25,103,121
1996,United States,Norway,0,2,7,0.007380074,0.008313539,1.5,5.5,103,123
2000,Australia,Norway,0,4,10,0.013333333,0.010787487,2.5,7.25,103,36
2004,Greece,Norway,0,5,6,0.016611296,0.006479482,3.25,7.5,103,47
2008,China,Norway,0,3,9,0.009933775,0.009394572,3.5,8,103,71
2012,United Kingdom,Norway,0,2,4,0.00660066,0.004166667,3.5,7.25,103,66
2016,Brazil,Norway,0,0,4,0,0.004115226,2.5,5.75,103,57
2020,Japan,Norway,0,4,8,0.011764706,0.007407407,2.25,6.25,103,38
2024,France,Norway,0,4,8,0.012195122,0.007699711,2.5,6,103,18
1956,Australia,Pakistan,0,0,1,0,0.002132196,0,1,104,8
1960,Italy,Pakistan,0,1,2,0.006578947,0.004338395,1,2,104,29
1964,Japan,Pakistan,0,0,1,0,0.001984127,0,1,104,6
1968,Mexico,Pakistan,0,1,1,0.005747126,0.001897533,0.5,1.25,104,103
1972,West Germany,Pakistan,0,0,1,0,0.001666667,0.5,1.25,104,263
1976,Canada,Pakistan,0,0,1,0,0.001631321,0.25,1,104,267
1984,United States,Pakistan,0,1,1,0.004424779,0.001453488,0.5,1,104,105
1988,South Korea,Pakistan,0,0,1,0,0.00135318,0.25,1,104,79
1992,Spain,Pakistan,0,0,1,0,0.001226994,0.25,1,104,84
2024,France,Pakistan,0,1,1,0.00304878,0.000962464,0.5,1,104,97
1948,United Kingdom,Panama,0,0,2,0,0.00486618,0,2,105,190
2008,China,Panama,0,1,1,0.003311258,0.001043841,1,1,105,29
2024,France,Panama,0,0,1,0,0.000962464,0,1,105,50
2004,Greece,Paraguay,0,0,1,0,0.001079914,0,1,106,86
1948,United Kingdom,Peru,0,1,1,0.007246377,0.00243309,1,1,107,161
1984,United States,Peru,0,0,1,0,0.001453488,0,1,107,79
1988,South Korea,Peru,0,0,1,0,0.00135318,0,1,107,132
1992,Spain,Peru,0,0,1,0,0.001226994,0.25,1,107,79
2024,France,Peru,0,0,1,0,0.000962464,0,1,107,114
1928,Netherlands,Philippines,0,0,1,0,0.003058104,0,1,108,116
1932,United States,Philippines,0,0,3,0,0.008108108,0,3,108,115
1936,Germany,Philippines,0,0,1,0,0.002369668,0,1,108,60
1964,Japan,Philippines,0,0,1,0,0.001984127,0,1.5,108,102
1988,South Korea,Philippines,0,0,1,0,0.00135318,0,1.5,108,69
1992,Spain,Philippines,0,0,1,0,0.001226994,0,1,108,77
1996,United States,Philippines,0,0,1,0,0.001187648,0,1,108,112
2016,Brazil,Philippines,0,0,1,0,0.001028807,0,1,108,128
2020,Japan,Philippines,0,1,4,0.002941176,0.003703704,0.25,1.75,108,79
2024,France,Philippines,0,2,4,0.006097561,0.003849856,0.75,2.5,108,53
1924,France,Poland,0,0,2,0,0.005291005,0,2,109,47
1928,Netherlands,Poland,0,1,5,0.009090909,0.01529052,1,5,109,15
1932,United States,Poland,0,3,9,0.024,0.024324324,3,9,109,26
1936,Germany,Poland,0,0,9,0,0.021327014,1,6.25,109,24
1948,United Kingdom,Poland,0,0,1,0,0.00243309,1,6,109,33
1952,Finland,Poland,0,1,4,0.006711409,0.008714597,1,5.75,109,33
1956,Australia,Poland,0,1,9,0.006535948,0.019189765,0.5,5.75,109,28
1960,Italy,Poland,0,4,21,0.026315789,0.045553145,1.5,8.75,109,10
1964,Japan,Poland,0,7,23,0.042944785,0.045634921,3.25,14.25,109,2
1968,Mexico,Poland,0,5,18,0.028735632,0.034155598,4.25,17.75,109,5
1972,West Germany,Poland,0,7,21,0.035897436,0.035,5.75,20.75,109,13
1976,Canada,Poland,0,7,26,0.035353535,0.042414356,6.5,22,109,22
1980,Soviet Union,Poland,0,3,32,0.014705882,0.050713154,5.5,24.25,109,49
1988,South Korea,Poland,0,2,16,0.008298755,0.02165088,4.75,23.75,109,44
1992,Spain,Poland,0,3,19,0.011538462,0.023312883,3.75,23.25,109,26
1996,United States,Poland,0,7,17,0.025830258,0.020190024,3.75,21,109,21
2000,Australia,Poland,0,6,14,0.02,0.015102481,4.5,16.5,109,32
2004,Greece,Poland,0,3,10,0.009966777,0.010799136,4.75,15,109,6
2008,China,Poland,0,4,11,0.013245033,0.011482255,5,13,109,8
2012,United Kingdom,Poland,0,3,11,0.00990099,0.011458333,4,11.5,109,40
2016,Brazil,Poland,0,2,11,0.006535948,0.011316872,3,10.75,109,70
2020,Japan,Poland,0,4,14,0.011764706,0.012962963,3.25,11.75,109,42
2024,France,Poland,0,1,10,0.00304878,0.009624639,2.5,11.5,109,38
1924,France,Portugal,0,0,1,0,0.002645503,0,1,110,18
1928,Netherlands,Portugal,0,0,1,0,0.003058104,0,1,110,13
1936,Germany,Portugal,0,0,1,0,0.002369668,0,1,110,27
1948,United Kingdom,Portugal,0,0,2,0,0.00486618,0,1.25,110,44
1952,Finland,Portugal,0,0,1,0,0.002178649,0,1.25,110,100
1960,Italy,Portugal,0,0,1,0,0.002169197,0,1.25,110,146
1976,Canada,Portugal,0,0,2,0,0.003262643,0,1.5,110,71
1984,United States,Portugal,0,1,3,0.004424779,0.004360465,0.25,1.75,110,177
1988,South Korea,Portugal,0,1,1,0.004149378,0.00135318,0.5,1.75,110,52
1996,United States,Portugal,0,1,2,0.003690037,0.002375297,0.75,2,110,248
2000,Australia,Portugal,0,0,2,0,0.002157497,0.75,2,110,118
2004,Greece,Portugal,0,0,3,0,0.003239741,0.5,2,110,307
2008,China,Portugal,0,1,2,0.003311258,0.002087683,0.5,2.25,110,240
2012,United Kingdom,Portugal,0,0,1,0,0.001041667,0.25,2,110,296
2016,Brazil,Portugal,0,0,1,0,0.001028807,0.25,1.75,110,418
2020,Japan,Portugal,0,1,4,0.002941176,0.003703704,0.5,2,110,286
2024,France,Portugal,0,1,4,0.00304878,0.003849856,0.5,2.5,110,418
1948,United Kingdom,Puerto Rico,0,0,1,0,0.00243309,0,1,111,192
1976,Canada,Puerto Rico,0,0,1,0,0.001631321,0,1,111,263
1984,United States,Puerto Rico,0,0,2,0,0.002906977,0,2,111,207
1992,Spain,Puerto Rico,0,0,1,0,0.001226994,0,1.25,111,240
1996,United States,Puerto Rico,0,0,1,0,0.001187648,0,1.25,111,224
2012,United Kingdom,Puerto Rico,0,0,2,0,0.002083333,0,1.5,111,316
2016,Brazil,Puerto Rico,0,1,1,0.003267974,0.001028807,0.25,1.25,111,256
2020,Japan,Puerto Rico,0,1,1,0.002941176,0.000925926,0.5,1.25,111,289
2024,France,Puerto Rico,0,0,2,0,0.001924928,0.5,1.5,111,282
1992,Spain,Qatar,0,0,1,0,0.001226994,0,1,112,312
2000,Australia,Qatar,0,0,1,0,0.001078749,0,1,112,47
2012,United Kingdom,Qatar,0,0,2,0,0.002083333,0,2,112,39
2016,Brazil,Qatar,0,0,1,0,0.001028807,0,1.25,112,26
2020,Japan,Qatar,0,2,3,0.005882353,0.002777778,0.5,1.75,112,65
2024,France,Qatar,0,0,1,0,0.000962464,0.5,1.75,112,155
2024,France,Refugee Olympic Team,0,0,1,0,0.000962464,0,1,114,109
2020,Japan,ROC,0,20,71,0.058823529,0.065740741,20,71,113,36
1924,France,Romania,0,0,1,0,0.002645503,0,1,115,48
1936,Germany,Romania,0,0,1,0,0.002369668,0,1,115,91
1952,Finland,Romania,0,1,4,0.006711409,0.008714597,1,4,115,131
1956,Australia,Romania,0,5,13,0.032679739,0.02771855,1.5,4.75,115,64
1960,Italy,Romania,0,3,10,0.019736842,0.021691974,2.25,7,115,93
1964,Japan,Romania,0,2,12,0.012269939,0.023809524,2.75,9.75,115,87
1968,Mexico,Romania,0,4,15,0.022988506,0.028462998,3.5,12.5,115,98
1972,West Germany,Romania,0,3,16,0.015384615,0.026666667,3,13.25,115,106
1976,Canada,Romania,0,4,27,0.02020202,0.044045677,3.25,17.5,115,113
1984,United States,Romania,0,20,53,0.088495575,0.077034884,8.25,30.25,115,95
1988,South Korea,Romania,0,7,24,0.029045643,0.032476319,9.25,32.25,115,9
1992,Spain,Romania,0,4,18,0.015384615,0.02208589,9.25,30,115,112
1996,United States,Romania,0,4,20,0.014760148,0.023752969,8.75,28.75,115,58
2000,Australia,Romania,0,11,26,0.036666667,0.028047465,6.5,22,115,101
2004,Greece,Romania,0,8,19,0.026578073,0.020518359,6.75,20.75,115,91
2008,China,Romania,0,4,9,0.013245033,0.009394572,6.75,18.5,115,28
2012,United Kingdom,Romania,0,2,7,0.00660066,0.007291667,6.25,15.25,115,41
2016,Brazil,Romania,0,1,4,0.003267974,0.004115226,3.75,9.75,115,39
2020,Japan,Romania,0,1,4,0.002941176,0.003703704,2,6,115,53
2024,France,Romania,0,3,9,0.009146341,0.008662175,1.75,6,115,30
1908,United Kingdom,Russia,0,1,3,0.009090909,0.009259259,1,3,116,19
1912,Sweden,Russia,0,0,5,0,0.016025641,0,5,116,14
1952,Finland,Russia,0,22,71,0.147651007,0.154684096,22,71,116,42
1956,Australia,Russia,0,37,98,0.241830065,0.208955224,15,44.25,116,17
1960,Italy,Russia,0,43,103,0.282894737,0.223427332,25.5,69.25,116,13
1968,Mexico,Russia,0,29,91,0.166666667,0.172675522,34.75,97,116,561
1972,West Germany,Russia,0,50,99,0.256410256,0.165,38,97.25,116,45
1976,Canada,Russia,0,49,125,0.247474747,0.203915171,39.5,102.75,116,118
1980,Soviet Union,Russia,0,80,195,0.392156863,0.309033281,52,127.5,116,241
1988,South Korea,Russia,0,55,132,0.228215768,0.178619756,58.5,137.75,116,103
1996,United States,Russia,0,26,63,0.095940959,0.074821853,52.5,128.75,116,156
2000,Australia,Russia,0,32,89,0.106666667,0.09600863,48.25,119.75,116,232
2004,Greece,Russia,0,28,90,0.093023256,0.097192225,35.25,93.5,116,100
2008,China,Russia,0,24,60,0.079470199,0.06263048,27.5,75.5,116,258
2012,United Kingdom,Russia,0,18,65,0.059405941,0.067708333,25.5,76,116,255
2016,Brazil,Russia,0,19,56,0.062091503,0.057613169,22.25,67.75,116,339
2024,France,Saint Lucia,0,1,2,0.00304878,0.001924928,1,2,117,193
2008,China,Samoa,0,0,1,0,0.001043841,0,1,118,172
2020,Japan,San Marino,0,0,3,0,0.002777778,0,3,119,306
2000,Australia,Saudi Arabia,0,0,2,0,0.002157497,0,2,120,284
2012,United Kingdom,Saudi Arabia,0,0,1,0,0.001041667,0,1,120,252
2020,Japan,Saudi Arabia,0,0,1,0,0.000925926,0,1,120,193
1988,South Korea,Senegal,0,0,1,0,0.00135318,0,1,121,172
1924,France,Serbia,0,2,2,0.015873016,0.005291005,2,2,122,155
1928,Netherlands,Serbia,0,1,5,0.009090909,0.01529052,1,5,122,121
1936,Germany,Serbia,0,0,1,0,0.002369668,0,1,122,119
1948,United Kingdom,Serbia,0,0,2,0,0.00486618,0.75,2.5,122,144
1952,Finland,Serbia,0,1,3,0.006711409,0.006535948,0.5,2.75,122,7
1956,Australia,Serbia,0,0,3,0,0.006396588,0.25,2.25,122,266
1960,Italy,Serbia,0,1,2,0.006578947,0.004338395,0.5,2.5,122,451
1964,Japan,Serbia,0,2,5,0.012269939,0.009920635,1,3.25,122,411
1968,Mexico,Serbia,0,3,8,0.017241379,0.015180266,1.5,4.5,122,414
1972,West Germany,Serbia,0,2,5,0.01025641,0.008333333,2,5,122,463
1976,Canada,Serbia,0,2,8,0.01010101,0.013050571,2.25,6.5,122,471
1980,Soviet Union,Serbia,0,2,9,0.009803922,0.014263074,2.25,7.5,122,531
1984,United States,Serbia,0,7,18,0.030973451,0.026162791,3.25,10,122,574
1988,South Korea,Serbia,0,3,12,0.012448133,0.01623816,3.5,11.75,122,660
1996,United States,Serbia,0,1,4,0.003690037,0.004750594,3.25,10.75,122,647
2000,Australia,Serbia,0,1,3,0.003333333,0.003236246,3,9.25,122,552
2004,Greece,Serbia,0,0,2,0,0.002159827,1.25,5.25,122,602
2008,China,Serbia,0,0,3,0,0.003131524,0.5,3,122,593
2012,United Kingdom,Serbia,0,1,4,0.00330033,0.004166667,0.5,3,122,600
2016,Brazil,Serbia,0,2,8,0.006535948,0.008230453,0.75,4.25,122,549
2020,Japan,Serbia,0,3,9,0.008823529,0.008333333,1.5,6,122,406
2024,France,Serbia,0,3,5,0.009146341,0.00481232,2.25,6.5,122,5
1960,Italy,Singapore,0,0,1,0,0.002169197,0,1,123,7
2008,China,Singapore,0,0,1,0,0.001043841,0,1,123,8
2012,United Kingdom,Singapore,0,0,2,0,0.002083333,0,2,123,23
2016,Brazil,Singapore,0,1,1,0.003267974,0.001028807,0.25,1.25,123,23
2024,France,Singapore,0,0,1,0,0.000962464,0.25,1.25,123,33
1996,United States,Slovakia,0,1,3,0.003690037,0.003562945,1,3,124,35
2000,Australia,Slovakia,0,1,5,0.003333333,0.005393743,1,5,124,116
2004,Greece,Slovakia,0,2,6,0.006644518,0.006479482,2,6,124,86
2008,China,Slovakia,0,3,6,0.009933775,0.006263048,1.75,5,124,173
2012,United Kingdom,Slovakia,0,0,4,0,0.004166667,1.5,5.25,124,162
2016,Brazil,Slovakia,0,2,4,0.006535948,0.004115226,1.75,5,124,194
2020,Japan,Slovakia,0,1,4,0.002941176,0.003703704,1.5,4.5,124,37
2024,France,Slovakia,0,0,1,0,0.000962464,0.75,3.25,124,185
1992,Spain,Slovenia,0,0,2,0,0.002453988,0,2,125,123
1996,United States,Slovenia,0,0,2,0,0.002375297,0,2,125,130
2000,Australia,Slovenia,0,2,2,0.006666667,0.002157497,2,2,125,212
2004,Greece,Slovenia,0,0,4,0,0.004319654,0.5,2.5,125,95
2008,China,Slovenia,0,1,5,0.003311258,0.005219207,0.75,3.25,125,180
2012,United Kingdom,Slovenia,0,1,4,0.00330033,0.004166667,1,3.75,125,154
2016,Brazil,Slovenia,0,1,4,0.003267974,0.004115226,0.75,4.25,125,183
2020,Japan,Slovenia,0,3,5,0.008823529,0.00462963,1.5,4.5,125,64
2024,France,Slovenia,0,2,3,0.006097561,0.002887392,1.75,4,125,117
1912,Sweden,South Africa,0,4,6,0.039215686,0.019230769,4,6,126,97
1920,Belgium,South Africa,0,3,10,0.019354839,0.02283105,3,10,126,134
1924,France,South Africa,0,1,3,0.007936508,0.007936508,2.25,5.25,126,127
1928,Netherlands,South Africa,0,1,3,0.009090909,0.009174312,2.25,5.5,126,110
1932,United States,South Africa,0,2,5,0.016,0.013513514,1.75,5.25,126,135
1936,Germany,South Africa,0,0,1,0,0.002369668,1,3,126,5
1948,United Kingdom,South Africa,0,2,4,0.014492754,0.00973236,1.25,3.25,126,36
1952,Finland,South Africa,0,2,10,0.013422819,0.021786492,1.5,5,126,36
1956,Australia,South Africa,0,0,4,0,0.008528785,1,4.75,126,32
1960,Italy,South Africa,0,0,3,0,0.006507592,1,5.25,126,32
1992,Spain,South Africa,0,0,2,0,0.002453988,0.5,4.75,126,98
1996,United States,South Africa,0,3,5,0.011070111,0.005938242,0.75,3.5,126,132
2000,Australia,South Africa,0,0,5,0,0.005393743,0.75,3.75,126,84
2004,Greece,South Africa,0,1,6,0.003322259,0.006479482,1,4.5,126,67
2008,China,South Africa,0,0,1,0,0.001043841,1,4.25,126,65
2012,United Kingdom,South Africa,0,4,6,0.01320132,0.00625,1.25,4.5,126,63
2016,Brazil,South Africa,0,2,10,0.006535948,0.010288066,1.75,5.75,126,56
2020,Japan,South Africa,0,1,3,0.002941176,0.002777778,1.75,5,126,38
2024,France,South Africa,0,1,6,0.00304878,0.005774783,2,6.25,126,47
1948,United Kingdom,South Korea,0,0,2,0,0.00486618,0,2,127,47
1952,Finland,South Korea,0,0,2,0,0.004357298,0,2,127,90
1956,Australia,South Korea,0,0,2,0,0.004264392,0,2,127,102
1964,Japan,South Korea,0,0,3,0,0.005952381,0,2.25,127,73
1968,Mexico,South Korea,0,0,2,0,0.003795066,0,2.25,127,78
1972,West Germany,South Korea,0,0,1,0,0.001666667,0,2,127,70
1976,Canada,South Korea,0,1,6,0.005050505,0.009787928,0.25,3,127,64
1984,United States,South Korea,0,6,19,0.026548673,0.027616279,1.75,7,127,117
1988,South Korea,South Korea,1,12,33,0.049792531,0.044654939,4.75,14.75,127,33
1992,Spain,South Korea,0,12,29,0.046153846,0.035582822,7.75,21.75,127,56
1996,United States,South Korea,0,7,27,0.025830258,0.032066508,9.25,27,127,97
2000,Australia,South Korea,0,8,28,0.026666667,0.030204962,9.75,29.25,127,44
2004,Greece,South Korea,0,9,30,0.029900332,0.032397408,9,28.5,127,40
2008,China,South Korea,0,13,32,0.043046358,0.033402923,9.25,29.25,127,20
2012,United Kingdom,South Korea,0,13,31,0.04290429,0.032291667,10.75,30.25,127,54
2016,Brazil,South Korea,0,9,21,0.029411765,0.021604938,11,28.5,127,43
2020,Japan,South Korea,0,6,20,0.017647059,0.018518519,10.25,26,127,109
2024,France,South Korea,0,13,32,0.039634146,0.030798845,10.25,26,127,90
1900,France,Spain,0,1,1,0.010416667,0.003521127,1,1,128,72
1920,Belgium,Spain,0,0,2,0,0.00456621,0,2,128,141
1928,Netherlands,Spain,0,1,1,0.009090909,0.003058104,1,1,128,111
1932,United States,Spain,0,0,1,0,0.002702703,0.5,1.25,128,161
1948,United Kingdom,Spain,0,0,1,0,0.00243309,0.25,1.25,128,128
1952,Finland,Spain,0,0,1,0,0.002178649,0.25,1,128,179
1960,Italy,Spain,0,0,1,0,0.002169197,0,1,128,145
1972,West Germany,Spain,0,0,1,0,0.001666667,0,1,128,155
1976,Canada,Spain,0,0,2,0,0.003262643,0,1.25,128,211
1980,Soviet Union,Spain,0,1,6,0.004901961,0.009508716,0.25,2.5,128,161
1984,United States,Spain,0,1,5,0.004424779,0.007267442,0.5,3.5,128,48
1988,South Korea,Spain,0,1,4,0.004149378,0.00541272,0.75,4.25,128,22
1992,Spain,Spain,1,13,22,0.05,0.026993865,4,9.25,128,36
1996,United States,Spain,0,5,17,0.018450185,0.020190024,5,12,128,240
2000,Australia,Spain,0,3,11,0.01,0.011866235,5.5,13.5,128,66
2004,Greece,Spain,0,3,20,0.009966777,0.021598272,6,17.5,128,43
2008,China,Spain,0,5,19,0.016556291,0.019832985,4,16.75,128,51
2012,United Kingdom,Spain,0,4,20,0.01320132,0.020833333,3.75,17.5,128,240
2016,Brazil,Spain,0,7,17,0.022875817,0.017489712,4.75,19,128,551
2020,Japan,Spain,0,3,17,0.008823529,0.015740741,4.75,18.25,128,322
2024,France,Spain,0,5,18,0.015243902,0.01732435,4.75,18,128,417
2000,Australia,Sri Lanka,0,0,1,0,0.001078749,0,1,129,359
2008,China,Sudan,0,0,1,0,0.001043841,0,1,130,344
1988,South Korea,Suriname,0,1,1,0.004149378,0.00135318,1,1,131,329
1992,Spain,Suriname,0,0,1,0,0.001226994,0,1,131,312
1900,France,Sweden,0,0,1,0,0.003521127,0,1,132,263
1908,United Kingdom,Sweden,0,8,25,0.072727273,0.077160494,8,25,132,338
1912,Sweden,Sweden,1,23,65,0.225490196,0.208333333,23,65,132,248
1920,Belgium,Sweden,0,19,64,0.122580645,0.146118721,12.5,38.75,132,12
1924,France,Sweden,0,4,29,0.031746032,0.076719577,13.5,45.75,132,111
1928,Netherlands,Sweden,0,7,25,0.063636364,0.076452599,13.25,45.75,132,106
1932,United States,Sweden,0,10,24,0.08,0.064864865,10,35.5,132,8
1936,Germany,Sweden,0,6,21,0.042553191,0.049763033,6.75,24.75,132,84
1948,United Kingdom,Sweden,0,16,44,0.115942029,0.107055961,9.75,28.5,132,42
1952,Finland,Sweden,0,12,35,0.080536913,0.076252723,11,31,132,238
1956,Australia,Sweden,0,8,19,0.052287582,0.040511727,10.5,29.75,132,162
1960,Italy,Sweden,0,1,6,0.006578947,0.013015184,9.25,26,132,160
1964,Japan,Sweden,0,2,8,0.012269939,0.015873016,5.75,17,132,211
1968,Mexico,Sweden,0,2,4,0.011494253,0.007590133,3.25,9.25,132,257
1972,West Germany,Sweden,0,4,16,0.020512821,0.026666667,2.25,8.5,132,317
1976,Canada,Sweden,0,4,5,0.02020202,0.008156607,3,8.25,132,537
1980,Soviet Union,Sweden,0,3,12,0.014705882,0.019017433,3.25,9.25,132,384
1984,United States,Sweden,0,2,19,0.008849558,0.027616279,3.25,13,132,431
1988,South Korea,Sweden,0,0,11,0,0.01488498,2.25,11.75,132,423
1992,Spain,Sweden,0,1,12,0.003846154,0.014723926,1.5,13.5,132,355
1996,United States,Sweden,0,2,8,0.007380074,0.009501188,1.25,12.5,132,339
2000,Australia,Sweden,0,4,12,0.013333333,0.012944984,1.75,10.75,132,363
2004,Greece,Sweden,0,4,7,0.013289037,0.007559395,2.75,9.75,132,429
2008,China,Sweden,0,0,5,0,0.005219207,2.5,8,132,526
2012,United Kingdom,Sweden,0,1,8,0.00330033,0.008333333,2.25,8,132,24
2016,Brazil,Sweden,0,2,11,0.006535948,0.011316872,1.75,7.75,132,9
2020,Japan,Sweden,0,3,9,0.008823529,0.008333333,1.5,8.25,132,10
2024,France,Sweden,0,4,11,0.012195122,0.010587103,2.5,9.75,132,9
1896,Greece,Switzerland,0,1,3,0.023255814,0.024590164,1,3,133,27
1900,France,Switzerland,0,6,9,0.0625,0.031690141,3.5,6,133,276
1904,United States,Switzerland,0,1,3,0.010309278,0.010714286,2.666666667,5,133,714
1920,Belgium,Switzerland,0,2,11,0.012903226,0.025114155,2.5,6.5,133,404
1924,France,Switzerland,0,7,25,0.055555556,0.066137566,4,12,133,256
1928,Netherlands,Switzerland,0,7,15,0.063636364,0.04587156,4.25,13.5,133,139
1932,United States,Switzerland,0,0,1,0,0.002702703,4,13,133,128
1936,Germany,Switzerland,0,4,18,0.028368794,0.042654028,4.5,14.75,133,231
1948,United Kingdom,Switzerland,0,5,20,0.036231884,0.0486618,4,13.5,133,223
1952,Finland,Switzerland,0,2,14,0.013422819,0.030501089,2.75,13.25,133,355
1956,Australia,Switzerland,0,0,1,0,0.002132196,2.75,13.25,133,186
1960,Italy,Switzerland,0,0,6,0,0.013015184,1.75,10.25,133,258
1964,Japan,Switzerland,0,1,4,0.006134969,0.007936508,0.75,6.25,133,175
1968,Mexico,Switzerland,0,0,5,0,0.009487666,0.25,4,133,186
1972,West Germany,Switzerland,0,0,3,0,0.005,0.25,4.5,133,186
1976,Canada,Switzerland,0,1,4,0.005050505,0.006525285,0.5,4,133,163
1980,Soviet Union,Switzerland,0,2,2,0.009803922,0.003169572,0.75,3.5,133,201
1984,United States,Switzerland,0,0,8,0,0.011627907,0.75,4.25,133,254
1988,South Korea,Switzerland,0,0,4,0,0.00541272,0.75,4.5,133,251
1992,Spain,Switzerland,0,1,1,0.003846154,0.001226994,0.75,3.75,133,252
1996,United States,Switzerland,0,4,7,0.014760148,0.008313539,1.25,5,133,233
2000,Australia,Switzerland,0,1,9,0.003333333,0.009708738,1.5,5.25,133,198
2004,Greece,Switzerland,0,1,5,0.003322259,0.005399568,1.75,5.5,133,157
2008,China,Switzerland,0,2,7,0.006622517,0.007306889,2,7,133,169
2012,United Kingdom,Switzerland,0,2,4,0.00660066,0.004166667,1.5,6.25,133,168
2016,Brazil,Switzerland,0,3,7,0.009803922,0.007201646,2,5.75,133,186
2020,Japan,Switzerland,0,3,13,0.008823529,0.012037037,2.5,7.75,133,173
2024,France,Switzerland,0,1,8,0.00304878,0.007699711,2.25,8,133,173
1984,United States,Syria,0,0,1,0,0.001453488,0,1,134,8
1996,United States,Syria,0,1,1,0.003690037,0.001187648,1,1,134,52
2004,Greece,Syria,0,0,1,0,0.001079914,0,1,134,7
2020,Japan,Syria,0,0,1,0,0.000925926,0.25,1,134,126
1968,Mexico,Taiwan,0,0,1,0,0.001897533,0,1,135,262
2008,China,Tajikistan,0,0,2,0,0.002087683,0,2,136,236
2012,United Kingdom,Tajikistan,0,0,1,0,0.001041667,0,1,136,9
2016,Brazil,Tajikistan,0,1,1,0.003267974,0.001028807,1,1,136,328
2024,France,Tajikistan,0,0,3,0,0.002887392,0.25,1.75,136,287
1980,Soviet Union,Tanzania,0,0,2,0,0.003169572,0,2,137,251
1976,Canada,Thailand,0,0,1,0,0.001631321,0,1,138,18
1984,United States,Thailand,0,0,1,0,0.001453488,0,1,138,221
1988,South Korea,Thailand,0,0,1,0,0.00135318,0,1,138,129
1992,Spain,Thailand,0,0,1,0,0.001226994,0,1,138,155
2000,Australia,Thailand,0,1,3,0.003333333,0.003236246,0.5,1.75,138,265
2004,Greece,Thailand,0,3,8,0.009966777,0.008639309,1.25,3.5,138,101
2008,China,Thailand,0,2,6,0.006622517,0.006263048,1.75,4.75,138,86
2012,United Kingdom,Thailand,0,0,4,0,0.004166667,1.5,5.25,138,245
2016,Brazil,Thailand,0,2,6,0.006535948,0.00617284,1.75,6,138,151
2020,Japan,Thailand,0,1,2,0.002941176,0.001851852,1.25,4.5,138,171
2024,France,Thailand,0,1,6,0.00304878,0.005774783,1,4.5,138,172
2008,China,Togo,0,0,1,0,0.001043841,0,1,139,138
1996,United States,Tonga,0,0,1,0,0.001187648,0,1,140,138
1948,United Kingdom,Trinidad and Tobago,0,0,1,0,0.00243309,0,1,141,116
1952,Finland,Trinidad and Tobago,0,0,2,0,0.004357298,0,2,141,126
1964,Japan,Trinidad and Tobago,0,0,3,0,0.005952381,0,3,141,152
1976,Canada,Trinidad and Tobago,0,1,1,0.005050505,0.001631321,0.25,1.75,141,196
1996,United States,Trinidad and Tobago,0,0,2,0,0.002375297,0.25,2,141,218
2000,Australia,Trinidad and Tobago,0,0,2,0,0.002157497,0.25,2,141,9
2004,Greece,Trinidad and Tobago,0,0,1,0,0.001079914,0.25,1.5,141,8
2008,China,Trinidad and Tobago,0,1,2,0.003311258,0.002087683,0.25,1.75,141,6
2012,United Kingdom,Trinidad and Tobago,0,1,4,0.00330033,0.004166667,0.5,2.25,141,6
2016,Brazil,Trinidad and Tobago,0,0,1,0,0.001028807,0.5,2,141,43
1964,Japan,Tunisia,0,0,2,0,0.003968254,0,2,142,16
1968,Mexico,Tunisia,0,1,2,0.005747126,0.003795066,1,2,142,16
1972,West Germany,Tunisia,0,0,1,0,0.001666667,0,1,142,7
1996,United States,Tunisia,0,0,1,0,0.001187648,0.25,1.5,142,14
2008,China,Tunisia,0,1,1,0.003311258,0.001043841,0.5,1.25,142,48
2012,United Kingdom,Tunisia,0,2,3,0.00660066,0.003125,0.75,1.5,142,62
2016,Brazil,Tunisia,0,0,3,0,0.00308642,0.75,2,142,40
2020,Japan,Tunisia,0,1,2,0.002941176,0.001851852,1,2.25,142,15
2024,France,Tunisia,0,1,3,0.00304878,0.002887392,1,2.75,142,64
1936,Germany,Turkey,0,1,2,0.007092199,0.004739336,1,2,143,58
1948,United Kingdom,Turkey,0,6,12,0.043478261,0.02919708,6,12,143,68
1952,Finland,Turkey,0,2,3,0.013422819,0.006535948,2,3,143,51
1956,Australia,Turkey,0,3,7,0.019607843,0.014925373,3,6,143,53
1960,Italy,Turkey,0,7,9,0.046052632,0.019522777,4.5,7.75,143,43
1964,Japan,Turkey,0,2,6,0.012269939,0.011904762,3.5,6.25,143,58
1968,Mexico,Turkey,0,2,2,0.011494253,0.003795066,3.5,6,143,48
1972,West Germany,Turkey,0,0,1,0,0.001666667,2.75,4.5,143,58
1984,United States,Turkey,0,0,3,0,0.004360465,1,3,143,4
1988,South Korea,Turkey,0,1,2,0.004149378,0.00270636,0.75,2,143,5
1992,Spain,Turkey,0,2,6,0.007692308,0.007361963,0.75,3,143,9
1996,United States,Turkey,0,4,6,0.014760148,0.007125891,1.75,4.25,143,2
2000,Australia,Turkey,0,3,5,0.01,0.005393743,2.5,4.75,143,18
2004,Greece,Turkey,0,3,10,0.009966777,0.010799136,3,6.75,143,20
2008,China,Turkey,0,1,5,0.003311258,0.005219207,2.75,6.5,143,16
2012,United Kingdom,Turkey,0,1,3,0.00330033,0.003125,2,5.75,143,29
2016,Brazil,Turkey,0,1,8,0.003267974,0.008230453,1.5,6.5,143,26
2020,Japan,Turkey,0,2,13,0.005882353,0.012037037,1.25,7.25,143,35
2024,France,Turkey,0,0,8,0,0.007699711,1,8,143,38
2020,Japan,Turkmenistan,0,0,1,0,0.000925926,0,1,144,43
1968,Mexico,Uganda,0,0,2,0,0.003795066,0,2,145,12
1972,West Germany,Uganda,0,1,2,0.005128205,0.003333333,1,2,145,8
1980,Soviet Union,Uganda,0,0,1,0,0.001584786,0,1,145,37
1996,United States,Uganda,0,0,1,0,0.001187648,0.25,1.5,145,52
2012,United Kingdom,Uganda,0,1,1,0.00330033,0.001041667,0.5,1.25,145,29
2020,Japan,Uganda,0,2,4,0.005882353,0.003703704,0.75,1.75,145,87
2024,France,Uganda,0,1,2,0.00304878,0.001924928,1,2,145,65
1996,United States,Ukraine,0,9,23,0.033210332,0.027315914,9,23,146,73
2000,Australia,Ukraine,0,3,23,0.01,0.024811219,3,23,146,31
2004,Greece,Ukraine,0,8,22,0.026578073,0.023758099,8,22,146,62
2008,China,Ukraine,0,7,22,0.023178808,0.022964509,6.75,22.5,146,87
2012,United Kingdom,Ukraine,0,5,19,0.01650165,0.019791667,5.75,21.5,146,58
2016,Brazil,Ukraine,0,2,11,0.006535948,0.011316872,5.5,18.5,146,28
2020,Japan,Ukraine,0,1,19,0.002941176,0.017592593,3.75,17.75,146,58
2024,France,Ukraine,0,3,12,0.009146341,0.011549567,2.75,15.25,146,25
1992,Spain,Unified Team,0,45,112,0.173076923,0.137423313,45,112,147,30
2004,Greece,United Arab Emirates,0,1,1,0.003322259,0.001079914,1,1,148,50
2016,Brazil,United Arab Emirates,0,0,1,0,0.001028807,0,1,148,62
1896,Greece,United States,0,11,20,0.255813953,0.163934426,11,20,149,51
1900,France,United States,0,19,48,0.197916667,0.169014085,15,34,149,54
1904,United States,United States,1,76,231,0.783505155,0.825,35.33333333,99.66666667,149,61
1908,United Kingdom,United States,0,23,47,0.209090909,0.145061728,32.25,86.5,149,67
1912,Sweden,United States,0,26,64,0.254901961,0.205128205,36,97.5,149,74
1920,Belgium,United States,0,41,95,0.264516129,0.216894977,41.5,109.25,149,71
1924,France,United States,0,45,99,0.357142857,0.261904762,33.75,76.25,149,119
1928,Netherlands,United States,0,22,56,0.2,0.171253823,33.5,78.5,149,119
1932,United States,United States,1,44,110,0.352,0.297297297,38,90,149,139
1936,Germany,United States,0,24,57,0.170212766,0.13507109,33.75,80.5,149,165
1948,United Kingdom,United States,0,38,84,0.275362319,0.204379562,32,76.75,149,10
1952,Finland,United States,0,40,76,0.268456376,0.165577342,36.5,81.75,149,14
1956,Australia,United States,0,32,74,0.209150327,0.157782516,33.5,72.75,149,35
1960,Italy,United States,0,34,71,0.223684211,0.154013015,36,76.25,149,16
1964,Japan,United States,0,36,90,0.220858896,0.178571429,35.5,77.75,149,12
1968,Mexico,United States,0,45,107,0.25862069,0.203036053,36.75,85.5,149,16
1972,West Germany,United States,0,33,94,0.169230769,0.156666667,37,90.5,149,28
1976,Canada,United States,0,34,94,0.171717172,0.153344209,37,96.25,149,27
1984,United States,United States,1,83,174,0.367256637,0.252906977,48.75,117.25,149,351
1988,South Korea,United States,0,36,94,0.149377593,0.127198917,46.5,114,149,368
1992,Spain,United States,0,37,108,0.142307692,0.132515337,47.5,117.5,149,357
1996,United States,United States,1,44,101,0.162361624,0.119952494,50,119.25,149,327
2000,Australia,United States,0,37,93,0.123333333,0.100323625,38.5,99,149,304
2004,Greece,United States,0,36,101,0.119601329,0.109071274,38.5,100.75,149,272
2008,China,United States,0,36,112,0.119205298,0.11691023,38.25,101.75,149,225
2012,United Kingdom,United States,0,48,104,0.158415842,0.108333333,39.25,102.5,149,212
2016,Brazil,United States,0,46,121,0.150326797,0.124485597,41.5,109.5,149,650
2020,Japan,United States,0,39,113,0.114705882,0.10462963,42.25,112.5,149,5
2024,France,United States,0,40,126,0.12195122,0.121270452,43.25,116,149,12
1956,Australia,United Team of Germany,0,6,26,0.039215686,0.0554371,6,26,150,27
1960,Italy,United Team of Germany,0,12,42,0.078947368,0.091106291,12,42,150,135
1964,Japan,United Team of Germany,0,10,50,0.061349693,0.099206349,10,50,150,1109
1924,France,Uruguay,0,1,1,0.007936508,0.002645503,1,1,151,219
1928,Netherlands,Uruguay,0,1,1,0.009090909,0.003058104,1,1,151,364
1932,United States,Uruguay,0,0,1,0,0.002702703,0,1,151,473
1948,United Kingdom,Uruguay,0,0,2,0,0.00486618,0.5,1.25,151,459
1952,Finland,Uruguay,0,0,2,0,0.004357298,0.25,1.5,151,426
1956,Australia,Uruguay,0,0,1,0,0.002132196,0,1.5,151,743
1964,Japan,Uruguay,0,0,1,0,0.001984127,0,1.5,151,487
2000,Australia,Uruguay,0,0,1,0,0.001078749,0,1.25,151,424
1996,United States,Uzbekistan,0,0,2,0,0.002375297,0,2,152,451
2000,Australia,Uzbekistan,0,1,4,0.003333333,0.004314995,1,4,152,443
2004,Greece,Uzbekistan,0,2,5,0.006644518,0.005399568,2,5,152,428
2008,China,Uzbekistan,0,0,4,0,0.004175365,0.75,3.75,152,492
2012,United Kingdom,Uzbekistan,0,0,3,0,0.003125,0.75,4,152,529
2016,Brazil,Uzbekistan,0,4,13,0.013071895,0.013374486,1.5,6.25,152,578
2020,Japan,Uzbekistan,0,3,5,0.008823529,0.00462963,1.75,6.25,152,554
2024,France,Uzbekistan,0,8,13,0.024390244,0.012512031,3.75,8.5,152,693
1952,Finland,Venezuela,0,0,1,0,0.002178649,0,1,153,715
1960,Italy,Venezuela,0,0,1,0,0.002169197,0,1,153,734
1968,Mexico,Venezuela,0,1,1,0.005747126,0.001897533,1,1,153,839
1976,Canada,Venezuela,0,0,1,0,0.001631321,0.25,1,153,764
1980,Soviet Union,Venezuela,0,0,1,0,0.001584786,0.25,1,153,726
1984,United States,Venezuela,0,0,3,0,0.004360465,0.25,1.5,153,763
2004,Greece,Venezuela,0,0,2,0,0.002159827,0,1.75,153,689
2008,China,Venezuela,0,0,1,0,0.001043841,0,1.75,153,719
2012,United Kingdom,Venezuela,0,1,1,0.00330033,0.001041667,0.25,1.75,153,856
2016,Brazil,Venezuela,0,0,3,0,0.00308642,0.25,1.75,153,854
2020,Japan,Venezuela,0,1,4,0.002941176,0.003703704,0.5,2.25,153,47
2012,United Kingdom,Vietnam,0,0,1,0,0.001041667,0,1,154,40
2016,Brazil,Vietnam,0,1,2,0.003267974,0.002057613,0.25,1.25,154,17
1988,South Korea,Virgin Islands,0,0,1,0,0.00135318,0,1,155,6
1968,Mexico,West Germany,0,5,26,0.028735632,0.049335863,5,26,156,79
1972,West Germany,West Germany,1,13,40,0.066666667,0.066666667,13,40,156,42
1976,Canada,West Germany,0,10,39,0.050505051,0.063621533,10,39,156,29
1984,United States,West Germany,0,17,59,0.075221239,0.085755814,11.25,41,156,29
1988,South Korea,West Germany,0,11,40,0.045643154,0.054127199,12.75,44.5,156,17
1984,United States,Zambia,0,0,1,0,0.001453488,0,1,157,95
1996,United States,Zambia,0,0,1,0,0.001187648,0,1,157,85
2024,France,Zambia,0,0,1,0,0.000962464,0,1,157,79
1980,Soviet Union,Zimbabwe,0,1,1,0.004901961,0.001584786,1,1,158,69
2004,Greece,Zimbabwe,0,1,3,0.003322259,0.003239741,1,3,158,56
2008,China,Zimbabwe,0,1,4,0.003311258,0.004175365,1,4,158,80
,,,,,,,,,,,85
,,,,,,,,,,,119
,,,,,,,,,,,63
,,,,,,,,,,,54
,,,,,,,,,,,30
,,,,,,,,,,,56
,,,,,,,,,,,43
,,,,,,,,,,,44
,,,,,,,,,,,53
,,,,,,,,,,,126
,,,,,,,,,,,85
,,,,,,,,,,,105
,,,,,,,,,,,47
,,,,,,,,,,,7
,,,,,,,,,,,18
,,,,,,,,,,,24
,,,,,,,,,,,28
,,,,,,,,,,,46
,,,,,,,,,,,346
,,,,,,,,,,,454
,,,,,,,,,,,407
,,,,,,,,,,,
,,,,,,,,,,,402
,,,,,,,,,,,18
,,,,,,,,,,,8
,,,,,,,,,,,32
,,,,,,,,,,,52
,,,,,,,,,,,14
,,,,,,,,,,,16
