Year,Host,NOC,isHost,Gold,Total,gold_ratio,total_ratio,Avg_X_Gold,Avg_X_Total,Count
1896,Greece,Australia,0,2,2,0.046511628,0.016393443,2,2,5
1896,Greece,Austria,0,2,5,0.046511628,0.040983607,2,5,8
1896,Greece,Denmark,0,1,6,0.023255814,0.049180328,1,6,15
1896,Greece,France,0,5,11,0.11627907,0.090163934,5,11,26
1896,Greece,Germany,0,6,13,0.139534884,0.106557377,6,13,94
1896,Greece,Great Britain,0,2,7,0.046511628,0.057377049,2,7,25
1896,Greece,Greece,1,10,47,0.23255814,0.385245902,10,47,148
1896,Greece,Hungary,0,2,6,0.046511628,0.049180328,2,6,18
1896,Greece,Switzerland,0,1,3,0.023255814,0.024590164,1,3,8
1896,Greece,United States,0,11,20,0.255813953,0.163934426,11,20,27
1900,France,Australia,0,2,5,0.020833333,0.017605634,2,3.5,6
1900,France,Austria,0,0,6,0,0.021126761,1,5.5,26
1900,France,Belgium,0,6,17,0.0625,0.059859155,6,17,100
1900,France,Bohemia,0,0,2,0,0.007042254,0,2,9
1900,France,Canada,0,1,2,0.010416667,0.007042254,1,2,7
1900,France,Cuba,0,1,2,0.010416667,0.007042254,1,2,2
1900,France,Denmark,0,1,6,0.010416667,0.021126761,1,6,36
1900,France,France,1,27,103,0.28125,0.362676056,16,57,1071
1900,France,Germany,0,4,9,0.041666667,0.031690141,5,11,103
1900,France,Great Britain,0,15,31,0.15625,0.10915493,8.5,19,146
1900,France,Hungary,0,1,5,0.010416667,0.017605634,1.5,5.5,34
1900,France,India,0,0,2,0,0.007042254,0,2,5
1900,France,Italy,0,3,5,0.03125,0.017605634,3,5,36
1900,France,Luxembourg,0,1,1,0.010416667,0.003521127,1,1,1
1900,France,Netherlands,0,0,5,0,0.017605634,0,5,73
1900,France,Norway,0,0,5,0,0.017605634,0,5,29
1900,France,Spain,0,1,1,0.010416667,0.003521127,1,1,12
1900,France,Sweden,0,0,1,0,0.003521127,0,1,27
1900,France,Switzerland,0,6,9,0.0625,0.031690141,3.5,6,52
1900,France,United States,0,19,48,0.197916667,0.169014085,15,34,135
1904,United States,Australia,0,0,4,0,0.014285714,1.333333333,3.666666667,6
1904,United States,Austria,0,1,3,0.010309278,0.010714286,1,4.666666667,7
1904,United States,Canada,0,4,6,0.041237113,0.021428571,2.5,4,61
1904,United States,Cuba,0,3,3,0.030927835,0.010714286,2,2.5,6
1904,United States,France,0,0,1,0,0.003571429,10.66666667,38.33333333,2
1904,United States,Germany,0,4,15,0.041237113,0.053571429,4.666666667,12.33333333,55
1904,United States,Great Britain,0,1,2,0.010309278,0.007142857,6,13.33333333,6
1904,United States,Greece,0,1,2,0.010309278,0.007142857,5.5,24.5,17
1904,United States,Hungary,0,2,4,0.020618557,0.014285714,1.666666667,5,9
1904,United States,Norway,0,2,2,0.020618557,0.007142857,1,3.5,6
1904,United States,Switzerland,0,1,3,0.010309278,0.010714286,2.666666667,5,7
1904,United States,United States,1,76,231,0.783505155,0.825,35.33333333,99.66666667,1109
1908,United Kingdom,Australasia,0,1,5,0.009090909,0.015432099,1,5,48
1908,United Kingdom,Austria,0,0,1,0,0.00308642,0.75,3.75,13
1908,United Kingdom,Belgium,0,1,8,0.009090909,0.024691358,1,8,99
1908,United Kingdom,Bohemia,0,0,2,0,0.00617284,0,2,41
1908,United Kingdom,Canada,0,3,16,0.027272727,0.049382716,3,16,148
1908,United Kingdom,Denmark,0,0,5,0,0.015432099,0,5,107
1908,United Kingdom,Finland,0,1,5,0.009090909,0.015432099,1,5,94
1908,United Kingdom,France,0,5,19,0.045454545,0.058641975,9.25,33.5,319
1908,United Kingdom,Germany,0,3,13,0.027272727,0.040123457,4.25,12.5,148
1908,United Kingdom,Great Britain,0,56,146,0.509090909,0.450617284,18.5,46.5,972
1908,United Kingdom,Greece,0,0,4,0,0.012345679,0,4,49
1908,United Kingdom,Hungary,0,3,9,0.027272727,0.027777778,2,6,107
1908,United Kingdom,Italy,0,2,4,0.018181818,0.012345679,2,4,97
1908,United Kingdom,Netherlands,0,0,2,0,0.00617284,0,2,218
1908,United Kingdom,Norway,0,2,8,0.018181818,0.024691358,2,8,103
1908,United Kingdom,Russia,0,1,3,0.009090909,0.009259259,1,3,7
1908,United Kingdom,South Africa,0,1,2,0.009090909,0.00617284,1,2,33
1908,United Kingdom,Sweden,0,8,25,0.072727273,0.077160494,8,25,276
1908,United Kingdom,United States,0,23,47,0.209090909,0.145061728,32.25,86.5,219
1912,Sweden,Australasia,0,2,7,0.019607843,0.022435897,2,7,38
1912,Sweden,Austria,0,0,4,0,0.012820513,0.25,3.5,132
1912,Sweden,Belgium,0,2,6,0.019607843,0.019230769,2,6,72
1912,Sweden,Canada,0,3,8,0.029411765,0.025641026,2.75,8,60
1912,Sweden,Denmark,0,1,12,0.009803922,0.038461538,0.75,7.25,233
1912,Sweden,Finland,0,9,26,0.088235294,0.083333333,9,26,233
1912,Sweden,France,0,7,14,0.068627451,0.044871795,9.75,34.25,232
1912,Sweden,Germany,0,5,25,0.049019608,0.080128205,4,15.5,312
1912,Sweden,Great Britain,0,10,41,0.098039216,0.131410256,20.5,55,461
1912,Sweden,Greece,0,1,2,0.009803922,0.006410256,3,13.75,77
1912,Sweden,Hungary,0,3,8,0.029411765,0.025641026,2.25,6.5,207
1912,Sweden,Italy,0,3,6,0.029411765,0.019230769,3,6,96
1912,Sweden,Netherlands,0,0,3,0,0.009615385,0,3,45
1912,Sweden,Norway,0,3,10,0.029411765,0.032051282,1.75,6.25,263
1912,Sweden,Russia,0,0,5,0,0.016025641,0,5,266
1912,Sweden,South Africa,0,4,6,0.039215686,0.019230769,4,6,56
1912,Sweden,Sweden,1,23,65,0.225490196,0.208333333,23,65,714
1912,Sweden,United States,0,26,64,0.254901961,0.205128205,36,97.5,364
1920,Belgium,Australia,0,0,3,0,0.006849315,1,3.5,29
1920,Belgium,Belgium,1,14,36,0.090322581,0.082191781,5.75,16.75,518
1920,Belgium,Brazil,0,1,3,0.006451613,0.006849315,1,3,38
1920,Belgium,Canada,0,3,9,0.019354839,0.020547945,3.25,9.75,85
1920,Belgium,Czechoslovakia,0,0,2,0,0.00456621,0,2,182
1920,Belgium,Denmark,0,3,13,0.019354839,0.029680365,1.25,9,246
1920,Belgium,Estonia,0,1,3,0.006451613,0.006849315,1,3,20
1920,Belgium,Finland,0,15,34,0.096774194,0.077625571,15,34,136
1920,Belgium,France,0,9,41,0.058064516,0.093607306,5.25,18.75,452
1920,Belgium,Great Britain,0,14,42,0.090322581,0.095890411,20.25,57.75,345
1920,Belgium,Greece,0,0,1,0,0.002283105,0.5,2.25,98
1920,Belgium,Italy,0,13,23,0.083870968,0.052511416,5.25,9.5,291
1920,Belgium,Japan,0,0,2,0,0.00456621,0,2,26
1920,Belgium,Luxembourg,0,0,1,0,0.002283105,0,1,35
1920,Belgium,Netherlands,0,4,11,0.025806452,0.025114155,1,5.25,213
1920,Belgium,New Zealand,0,0,1,0,0.002283105,0,1,6
1920,Belgium,Norway,0,13,31,0.083870968,0.070776256,5,12.75,267
1920,Belgium,South Africa,0,3,10,0.019354839,0.02283105,3,10,97
1920,Belgium,Spain,0,0,2,0,0.00456621,0,2,111
1920,Belgium,Sweden,0,19,64,0.122580645,0.146118721,12.5,38.75,404
1920,Belgium,Switzerland,0,2,11,0.012903226,0.025114155,2.5,6.5,126
1920,Belgium,United States,0,41,95,0.264516129,0.216894977,41.5,109.25,473
1924,France,Argentina,0,1,6,0.007936508,0.015873016,1,6,109
1924,France,Australia,0,3,6,0.023809524,0.015873016,1.25,4.5,60
1924,France,Austria,0,0,4,0,0.010582011,0.25,3,56
1924,France,Belgium,0,3,13,0.023809524,0.034391534,5,15.75,234
1924,France,Canada,0,0,4,0,0.010582011,2.25,9.25,83
1924,France,Czechoslovakia,0,1,10,0.007936508,0.026455026,1,10,242
1924,France,Denmark,0,2,9,0.015873016,0.023809524,1.5,9.75,158
1924,France,Estonia,0,1,6,0.007936508,0.015873016,1,6,47
1924,France,Finland,0,14,37,0.111111111,0.097883598,9.75,25.5,253
1924,France,France,1,13,38,0.103174603,0.100529101,8.5,28,636
1924,France,Great Britain,0,9,34,0.071428571,0.08994709,22.25,65.75,428
1924,France,Haiti,0,0,1,0,0.002645503,0,1,16
1924,France,Hungary,0,2,9,0.015873016,0.023809524,2.5,7.5,140
1924,France,Italy,0,8,16,0.063492063,0.042328042,6.5,12.25,333
1924,France,Japan,0,0,1,0,0.002645503,0,1,37
1924,France,Netherlands,0,4,10,0.031746032,0.026455026,2,6.5,246
1924,France,New Zealand,0,0,1,0,0.002645503,0,1,6
1924,France,Norway,0,5,10,0.03968254,0.026455026,5.75,14.75,105
1924,France,Poland,0,0,2,0,0.005291005,0,2,100
1924,France,Portugal,0,0,1,0,0.002645503,0,1,47
1924,France,Romania,0,0,1,0,0.002645503,0,1,45
1924,France,Serbia,0,2,2,0.015873016,0.005291005,2,2,116
1924,France,South Africa,0,1,3,0.007936508,0.007936508,2.25,5.25,44
1924,France,Sweden,0,4,29,0.031746032,0.076719577,13.5,45.75,256
1924,France,Switzerland,0,7,25,0.055555556,0.066137566,4,12,262
1924,France,United States,0,45,99,0.357142857,0.261904762,33.75,76.25,459
1924,France,Uruguay,0,1,1,0.007936508,0.002645503,1,1,40
1928,Netherlands,Argentina,0,3,7,0.027272727,0.021406728,3,7,98
1928,Netherlands,Australia,0,1,4,0.009090909,0.012232416,1,4.25,29
1928,Netherlands,Austria,0,2,3,0.018181818,0.009174312,0.5,3,113
1928,Netherlands,Belgium,0,0,3,0,0.009174312,4.75,14.5,260
1928,Netherlands,Canada,0,4,15,0.036363636,0.04587156,2.5,9,113
1928,Netherlands,Chile,0,0,1,0,0.003058104,0,1,46
1928,Netherlands,Czechoslovakia,0,2,9,0.018181818,0.027522936,2,9,147
1928,Netherlands,Denmark,0,3,6,0.027272727,0.018348624,2.25,10,122
1928,Netherlands,Egypt,0,2,4,0.018181818,0.012232416,2,4,43
1928,Netherlands,Estonia,0,2,5,0.018181818,0.01529052,2,5,23
1928,Netherlands,Finland,0,8,25,0.072727273,0.076452599,11.5,30.5,132
1928,Netherlands,France,0,6,21,0.054545455,0.064220183,8.75,28.5,422
1928,Netherlands,Germany,0,10,31,0.090909091,0.094801223,5.5,21,399
1928,Netherlands,Great Britain,0,3,20,0.027272727,0.06116208,9,34.25,354
1928,Netherlands,Haiti,0,0,1,0,0.003058104,0,1,3
1928,Netherlands,Hungary,0,4,9,0.036363636,0.027522936,3,8.75,219
1928,Netherlands,India,0,1,1,0.009090909,0.003058104,1,1,24
1928,Netherlands,Ireland,0,1,1,0.009090909,0.003058104,1,1,44
1928,Netherlands,Italy,0,7,19,0.063636364,0.058103976,7.75,16,273
1928,Netherlands,Japan,0,2,5,0.018181818,0.01529052,2,5,56
1928,Netherlands,Netherlands,1,6,19,0.054545455,0.058103976,3.5,10.75,384
1928,Netherlands,New Zealand,0,1,1,0.009090909,0.003058104,1,1,13
1928,Netherlands,Norway,0,1,4,0.009090909,0.012232416,5.5,13.75,79
1928,Netherlands,Philippines,0,0,1,0,0.003058104,0,1,6
1928,Netherlands,Poland,0,1,5,0.009090909,0.01529052,1,5,146
1928,Netherlands,Portugal,0,0,1,0,0.003058104,0,1,39
1928,Netherlands,Serbia,0,1,5,0.009090909,0.01529052,1,5,86
1928,Netherlands,South Africa,0,1,3,0.009090909,0.009174312,2.25,5.5,40
1928,Netherlands,Spain,0,1,1,0.009090909,0.003058104,1,1,106
1928,Netherlands,Sweden,0,7,25,0.063636364,0.076452599,13.25,45.75,139
1928,Netherlands,Switzerland,0,7,15,0.063636364,0.04587156,4.25,13.5,236
1928,Netherlands,United States,0,22,56,0.2,0.171253823,33.5,78.5,426
1928,Netherlands,Uruguay,0,1,1,0.009090909,0.003058104,1,1,17
1932,United States,Argentina,0,3,4,0.024,0.010810811,3,4,47
1932,United States,Australia,0,3,5,0.024,0.013513514,1.75,4.5,20
1932,United States,Austria,0,1,5,0.008,0.013513514,0.75,4,33
1932,United States,Belgium,0,0,1,0,0.002702703,4.25,13.25,69
1932,United States,Canada,0,2,16,0.016,0.043243243,2.25,11,191
1932,United States,Czechoslovakia,0,1,6,0.008,0.016216216,1,6.75,44
1932,United States,Denmark,0,0,8,0,0.021621622,2,9,94
1932,United States,Finland,0,5,25,0.04,0.067567568,10.5,30.25,66
1932,United States,France,0,11,20,0.088,0.054054054,9.75,30,159
1932,United States,Germany,0,5,24,0.04,0.064864865,5.75,23.25,202
1932,United States,Great Britain,0,5,17,0.04,0.045945946,7.75,28.25,170
1932,United States,Hungary,0,6,16,0.048,0.043243243,3.75,10.5,118
1932,United States,India,0,1,1,0.008,0.002702703,1,1,26
1932,United States,Ireland,0,2,2,0.016,0.005405405,2,2,18
1932,United States,Italy,0,12,36,0.096,0.097297297,10,23.5,154
1932,United States,Japan,0,7,18,0.056,0.048648649,2.25,6.5,203
1932,United States,Latvia,0,0,1,0,0.002702703,0,1,13
1932,United States,Mexico,0,0,2,0,0.005405405,0,2,100
1932,United States,Netherlands,0,2,8,0.016,0.021621622,4,12,80
1932,United States,New Zealand,0,0,1,0,0.002702703,0.25,1,29
1932,United States,Philippines,0,0,3,0,0.008108108,0,3,8
1932,United States,Poland,0,3,9,0.024,0.024324324,3,9,71
1932,United States,South Africa,0,2,5,0.016,0.013513514,1.75,5.25,20
1932,United States,Spain,0,0,1,0,0.002702703,0.5,1.25,8
1932,United States,Sweden,0,10,24,0.08,0.064864865,10,35.5,128
1932,United States,Switzerland,0,0,1,0,0.002702703,4,13,9
1932,United States,United States,1,44,110,0.352,0.297297297,38,90,743
1932,United States,Uruguay,0,0,1,0,0.002702703,0,1,6
1936,Germany,Argentina,0,2,7,0.014184397,0.016587678,2.25,6,68
1936,Germany,Australia,0,0,1,0,0.002369668,1.75,4,39
1936,Germany,Austria,0,5,17,0.035460993,0.04028436,2,7.25,363
1936,Germany,Belgium,0,0,3,0,0.007109005,0.75,5,205
1936,Germany,Canada,0,1,9,0.007092199,0.021327014,1.75,11,167
1936,Germany,Czechoslovakia,0,3,9,0.021276596,0.021327014,1.75,8.5,293
1936,Germany,Denmark,0,0,5,0,0.011848341,1.25,7,173
1936,Germany,Egypt,0,2,5,0.014184397,0.011848341,2,5,66
1936,Germany,Estonia,0,2,7,0.014184397,0.016587678,1.5,5.25,36
1936,Germany,Finland,0,8,20,0.056737589,0.047393365,8.75,26.75,186
1936,Germany,France,0,7,19,0.04964539,0.045023697,9.25,24.5,303
1936,Germany,Germany,1,38,101,0.269503546,0.239336493,14.5,45.25,581
1936,Germany,Great Britain,0,4,14,0.028368794,0.033175355,5.25,21.25,250
1936,Germany,Hungary,0,10,16,0.070921986,0.037914692,5.5,12.5,335
1936,Germany,India,0,1,1,0.007092199,0.002369668,0.75,1.25,30
1936,Germany,Italy,0,9,27,0.063829787,0.063981043,9,24.5,349
1936,Germany,Japan,0,6,20,0.042553191,0.047393365,3.75,11,325
1936,Germany,Latvia,0,0,2,0,0.004739336,0,2,33
1936,Germany,Mexico,0,0,3,0,0.007109005,0,3,32
1936,Germany,Netherlands,0,6,17,0.042553191,0.04028436,4.5,13.5,227
1936,Germany,New Zealand,0,1,1,0.007092199,0.002369668,0.5,1,9
1936,Germany,Norway,0,1,6,0.007092199,0.014218009,5,12.75,84
1936,Germany,Philippines,0,0,1,0,0.002369668,0,1,40
1936,Germany,Poland,0,0,9,0,0.021327014,1,6.25,177
1936,Germany,Portugal,0,0,1,0,0.002369668,0,1,26
1936,Germany,Romania,0,0,1,0,0.002369668,0,1,118
1936,Germany,Serbia,0,0,1,0,0.002369668,0,1,173
1936,Germany,South Africa,0,0,1,0,0.002369668,1,3,54
1936,Germany,Sweden,0,6,21,0.042553191,0.049763033,6.75,24.75,231
1936,Germany,Switzerland,0,4,18,0.028368794,0.042654028,4.5,14.75,328
1936,Germany,Turkey,0,1,2,0.007092199,0.004739336,1,2,62
1936,Germany,United States,0,24,57,0.170212766,0.13507109,33.75,80.5,487
1948,United Kingdom,Argentina,0,3,7,0.02173913,0.01703163,2.75,6.25,295
1948,United Kingdom,Australia,0,2,13,0.014492754,0.03163017,1.5,5.75,103
1948,United Kingdom,Austria,0,1,4,0.007246377,0.00973236,2.25,7.25,239
1948,United Kingdom,Belgium,0,2,7,0.014492754,0.01703163,0.5,3.5,182
1948,United Kingdom,Brazil,0,0,1,0,0.00243309,0,1,105
1948,United Kingdom,Canada,0,0,3,0,0.00729927,1.75,10.75,188
1948,United Kingdom,Cuba,0,0,1,0,0.00243309,0,1,112
1948,United Kingdom,Czechoslovakia,0,6,11,0.043478261,0.02676399,3,8.75,153
1948,United Kingdom,Denmark,0,5,20,0.036231884,0.0486618,2,9.75,253
1948,United Kingdom,Egypt,0,2,5,0.014492754,0.01216545,2,5,166
1948,United Kingdom,Finland,0,8,20,0.057971014,0.0486618,7.25,22.5,215
1948,United Kingdom,France,0,10,29,0.072463768,0.070559611,8.5,22.25,433
1948,United Kingdom,Great Britain,0,3,23,0.02173913,0.055961071,3.75,18.5,590
1948,United Kingdom,Hungary,0,10,27,0.072463768,0.065693431,7.5,17,222
1948,United Kingdom,India,0,1,1,0.007246377,0.00243309,1,1,89
1948,United Kingdom,Iran,0,0,1,0,0.00243309,0,1,39
1948,United Kingdom,Italy,0,8,27,0.057971014,0.065693431,9,27.25,310
1948,United Kingdom,Jamaica,0,1,3,0.007246377,0.00729927,1,3,26
1948,United Kingdom,Mexico,0,2,5,0.014492754,0.01216545,2,5,149
1948,United Kingdom,Netherlands,0,5,16,0.036231884,0.03892944,4.75,15,187
1948,United Kingdom,Norway,0,1,7,0.007246377,0.01703163,2,6.75,97
1948,United Kingdom,Panama,0,0,2,0,0.00486618,0,2,2
1948,United Kingdom,Peru,0,1,1,0.007246377,0.00243309,1,1,49
1948,United Kingdom,Poland,0,0,1,0,0.00243309,1,6,52
1948,United Kingdom,Portugal,0,0,2,0,0.00486618,0,1.25,65
1948,United Kingdom,Puerto Rico,0,0,1,0,0.00243309,0,1,9
1948,United Kingdom,Serbia,0,0,2,0,0.00486618,0.75,2.5,162
1948,United Kingdom,South Africa,0,2,4,0.014492754,0.00973236,1.25,3.25,43
1948,United Kingdom,South Korea,0,0,2,0,0.00486618,0,2,48
1948,United Kingdom,Spain,0,0,1,0,0.00243309,0.25,1.25,84
1948,United Kingdom,Sweden,0,16,44,0.115942029,0.107055961,9.75,28.5,223
1948,United Kingdom,Switzerland,0,5,20,0.036231884,0.0486618,4,13.5,287
1948,United Kingdom,Trinidad and Tobago,0,0,1,0,0.00243309,0,1,9
1948,United Kingdom,Turkey,0,6,12,0.043478261,0.02919708,6,12,87
1948,United Kingdom,United States,0,38,84,0.275362319,0.204379562,32,76.75,424
1948,United Kingdom,Uruguay,0,0,2,0,0.00486618,0.5,1.25,79
1952,Finland,Argentina,0,1,5,0.006711409,0.010893246,2.25,5.75,174
1952,Finland,Australia,0,6,11,0.040268456,0.023965142,2.75,7.5,140
1952,Finland,Austria,0,0,2,0,0.004357298,1.75,7,238
1952,Finland,Belgium,0,2,4,0.013422819,0.008714597,1,3.75,184
1952,Finland,Brazil,0,1,3,0.006711409,0.006535948,1,3,119
1952,Finland,Bulgaria,0,0,1,0,0.002178649,0,1,179
1952,Finland,Canada,0,1,3,0.006711409,0.006535948,1,7.75,154
1952,Finland,Chile,0,0,2,0,0.004357298,0,2,82
1952,Finland,Czechoslovakia,0,7,13,0.046979866,0.02832244,4.25,9.75,218
1952,Finland,Denmark,0,2,6,0.013422819,0.013071895,1.75,9.75,201
1952,Finland,Egypt,0,0,1,0,0.002178649,1.5,3.75,196
1952,Finland,Finland,1,6,22,0.040268456,0.047930283,6.75,21.75,412
1952,Finland,France,0,6,18,0.040268456,0.039215686,8.5,21.5,408
1952,Finland,Germany,0,0,24,0,0.052287582,13.25,45,365
1952,Finland,Great Britain,0,1,11,0.006711409,0.023965142,3.25,16.25,401
1952,Finland,Hungary,0,16,42,0.10738255,0.091503268,10.5,25.25,345
1952,Finland,India,0,1,2,0.006711409,0.004357298,1,1.25,94
1952,Finland,Iran,0,0,7,0,0.015250545,0,7,23
1952,Finland,Ireland,0,0,1,0,0.002178649,0,1,25
1952,Finland,Italy,0,8,21,0.053691275,0.045751634,9.25,27.75,376
1952,Finland,Jamaica,0,2,5,0.013422819,0.010893246,2,5,16
1952,Finland,Japan,0,1,9,0.006711409,0.019607843,4,13,133
1952,Finland,Luxembourg,0,1,1,0.006711409,0.002178649,1,1,101
1952,Finland,Mexico,0,0,1,0,0.002178649,0.5,2.75,85
1952,Finland,Netherlands,0,0,5,0,0.010893246,3.25,11.5,11
1952,Finland,Netherlands,0,0,5,0,0.010893246,3.25,11.5,180
1952,Finland,New Zealand,0,1,3,0.006711409,0.006535948,0.75,1.5,20
1952,Finland,Norway,0,3,5,0.020134228,0.010893246,1.5,5.5,190
1952,Finland,Poland,0,1,4,0.006711409,0.008714597,1,5.75,248
1952,Finland,Portugal,0,0,1,0,0.002178649,0,1.25,155
1952,Finland,Romania,0,1,4,0.006711409,0.008714597,1,4,241
1952,Finland,Russia,0,22,71,0.147651007,0.154684096,22,71,451
1952,Finland,Serbia,0,1,3,0.006711409,0.006535948,0.5,2.75,194
1952,Finland,South Africa,0,2,10,0.013422819,0.021786492,1.5,5,109
1952,Finland,South Korea,0,0,2,0,0.004357298,0,2,22
1952,Finland,Spain,0,0,1,0,0.002178649,0.25,1,42
1952,Finland,Sweden,0,12,35,0.080536913,0.076252723,11,31,355
1952,Finland,Switzerland,0,2,14,0.013422819,0.030501089,2.75,13.25,251
1952,Finland,Trinidad and Tobago,0,0,2,0,0.004357298,0,2,2
1952,Finland,Turkey,0,2,3,0.013422819,0.006535948,2,3,58
1952,Finland,United States,0,40,76,0.268456376,0.165577342,36.5,81.75,451
1952,Finland,Uruguay,0,0,2,0,0.004357298,0.25,1.5,42
1952,Finland,Venezuela,0,0,1,0,0.002178649,0,1,63
1956,Australia,Argentina,0,0,2,0,0.004264392,1.5,5.25,44
1956,Australia,Australia,1,13,35,0.08496732,0.074626866,5.25,15,412
1956,Australia,Austria,0,0,2,0,0.004264392,1.5,6.25,57
1956,Australia,Bahamas,0,0,1,0,0.002132196,0,1,5
1956,Australia,Belgium,0,0,2,0,0.004264392,1,4,82
1956,Australia,Brazil,0,1,1,0.006535948,0.002132196,0.75,2,63
1956,Australia,Bulgaria,0,1,5,0.006535948,0.010660981,1,5,82
1956,Australia,Canada,0,2,6,0.013071895,0.012793177,1,5.25,150
1956,Australia,Chile,0,0,4,0,0.008528785,0,4,43
1956,Australia,Czechoslovakia,0,1,6,0.006535948,0.012793177,4.25,9.75,161
1956,Australia,Denmark,0,1,4,0.006535948,0.008528785,2,8.75,51
1956,Australia,Finland,0,3,15,0.019607843,0.031982942,6.25,19.25,147
1956,Australia,France,0,4,14,0.026143791,0.029850746,6.75,20,227
1956,Australia,Great Britain,0,6,24,0.039215686,0.051172708,3.5,18,283
1956,Australia,Greece,0,0,1,0,0.002132196,0.25,2,16
1956,Australia,Hungary,0,9,26,0.058823529,0.0554371,11.25,27.75,197
1956,Australia,Iceland,0,0,1,0,0.002132196,0,1,2
1956,Australia,India,0,1,1,0.006535948,0.002132196,1,1.25,79
1956,Australia,Iran,0,2,5,0.013071895,0.010660981,2,5,17
1956,Australia,Ireland,0,1,5,0.006535948,0.010660981,1,2.25,25
1956,Australia,Italy,0,8,25,0.052287582,0.053304904,8.25,25,207
1956,Australia,Japan,0,4,19,0.026143791,0.040511727,4.5,16.5,222
1956,Australia,Mexico,0,1,2,0.006535948,0.004264392,0.75,2.75,36
1956,Australia,New Zealand,0,2,2,0.013071895,0.004264392,1,1.75,57
1956,Australia,Norway,0,1,3,0.006535948,0.006396588,1.5,5.25,29
1956,Australia,Pakistan,0,0,1,0,0.002132196,0,1,79
1956,Australia,Poland,0,1,9,0.006535948,0.019189765,0.5,5.75,118
1956,Australia,Romania,0,5,13,0.032679739,0.02771855,1.5,4.75,103
1956,Australia,Russia,0,37,98,0.241830065,0.208955224,15,44.25,411
1956,Australia,Serbia,0,0,3,0,0.006396588,0.25,2.25,37
1956,Australia,South Africa,0,0,4,0,0.008528785,1,4.75,90
1956,Australia,South Korea,0,0,2,0,0.004264392,0,2,36
1956,Australia,Sweden,0,8,19,0.052287582,0.040511727,10.5,29.75,186
1956,Australia,Switzerland,0,0,1,0,0.002132196,2.75,13.25,18
1956,Australia,Turkey,0,3,7,0.019607843,0.014925373,3,6,28
1956,Australia,United States,0,32,74,0.209150327,0.157782516,33.5,72.75,443
1956,Australia,Uruguay,0,0,1,0,0.002132196,0,1.5,29
1960,Italy,Argentina,0,0,2,0,0.004338395,1,4,116
1960,Italy,Australia,0,8,22,0.052631579,0.047722343,7.25,20.25,280
1960,Italy,Austria,0,1,2,0.006578947,0.004338395,0.5,2.5,198
1960,Italy,Belgium,0,0,4,0,0.00867679,1,4.25,150
1960,Italy,Brazil,0,0,2,0,0.004338395,0.5,1.75,86
1960,Italy,Bulgaria,0,1,7,0.006578947,0.015184382,1,7,183
1960,Italy,Canada,0,0,1,0,0.002169197,0.75,3.25,140
1960,Italy,Czechoslovakia,0,3,8,0.019736842,0.017353579,4.25,9.5,202
1960,Italy,Denmark,0,2,6,0.013157895,0.013015184,2.5,9,109
1960,Italy,Ethiopia,0,1,1,0.006578947,0.002169197,1,1,15
1960,Italy,Finland,0,1,5,0.006578947,0.010845987,4.5,15.5,219
1960,Italy,France,0,0,5,0,0.010845987,5,16.5,363
1960,Italy,Ghana,0,0,1,0,0.002169197,0,1,15
1960,Italy,Great Britain,0,2,20,0.013157895,0.043383948,3,19.5,389
1960,Italy,Greece,0,1,1,0.006578947,0.002169197,0.5,1.25,59
1960,Italy,Hungary,0,6,21,0.039473684,0.045553145,10.25,29,312
1960,Italy,India,0,0,1,0,0.002169197,0.75,1.25,49
1960,Italy,Iran,0,0,4,0,0.00867679,0.5,4.25,24
1960,Italy,Iraq,0,0,1,0,0.002169197,0,1,28
1960,Italy,Italy,1,13,36,0.085526316,0.078091106,9.25,27.25,402
1960,Italy,Japan,0,4,18,0.026315789,0.039045553,3.75,16.5,278
1960,Italy,Mexico,0,0,1,0,0.002169197,0.75,2.25,110
1960,Italy,Morocco,0,0,1,0,0.002169197,0,1,111
1960,Italy,Netherlands,0,0,3,0,0.006507592,2.75,10.25,5
1960,Italy,Netherlands,0,0,3,0,0.006507592,2.75,10.25,160
1960,Italy,New Zealand,0,2,3,0.013157895,0.006507592,1.5,2.25,47
1960,Italy,Norway,0,1,1,0.006578947,0.002169197,1.5,4,50
1960,Italy,Pakistan,0,1,2,0.006578947,0.004338395,1,2,53
1960,Italy,Poland,0,4,21,0.026315789,0.045553145,1.5,8.75,307
1960,Italy,Portugal,0,0,1,0,0.002169197,0,1.25,109
1960,Italy,Romania,0,3,10,0.019736842,0.021691974,2.25,7,156
1960,Italy,Russia,0,43,103,0.282894737,0.223427332,25.5,69.25,414
1960,Italy,Serbia,0,1,2,0.006578947,0.004338395,0.5,2.5,185
1960,Italy,Singapore,0,0,1,0,0.002169197,0,1,5
1960,Italy,South Africa,0,0,3,0,0.006507592,1,5.25,72
1960,Italy,Spain,0,0,1,0,0.002169197,0,1,238
1960,Italy,Sweden,0,1,6,0.006578947,0.013015184,9.25,26,258
1960,Italy,Switzerland,0,0,6,0,0.013015184,1.75,10.25,221
1960,Italy,Turkey,0,7,9,0.046052632,0.019522777,4.5,7.75,58
1960,Italy,United States,0,34,71,0.223684211,0.154013015,36,76.25,428
1960,Italy,Venezuela,0,0,1,0,0.002169197,0,1,54
1964,Japan,Argentina,0,0,1,0,0.001984127,0.25,2.5,148
1964,Japan,Australia,0,6,18,0.036809816,0.035714286,8.25,21.5,392
1964,Japan,Bahamas,0,1,1,0.006134969,0.001984127,1,1,12
1964,Japan,Belgium,0,2,3,0.012269939,0.005952381,1,3.25,74
1964,Japan,Brazil,0,0,1,0,0.001984127,0.5,1.75,65
1964,Japan,Bulgaria,0,3,10,0.018404908,0.01984127,1.25,5.75,116
1964,Japan,Canada,0,1,4,0.006134969,0.007936508,1,3.5,194
1964,Japan,Cuba,0,0,1,0,0.001984127,1,1.75,76
1964,Japan,Czechoslovakia,0,5,14,0.030674847,0.027777778,4,10.25,187
1964,Japan,Denmark,0,2,6,0.012269939,0.011904762,1.75,5.5,71
1964,Japan,Ethiopia,0,1,1,0.006134969,0.001984127,1,1,19
1964,Japan,Finland,0,3,5,0.018404908,0.009920635,3.25,11.75,151
1964,Japan,France,0,1,15,0.006134969,0.029761905,2.75,13,214
1964,Japan,Ghana,0,0,1,0,0.001984127,0,1,40
1964,Japan,Great Britain,0,4,18,0.024539877,0.035714286,3.25,18.25,301
1964,Japan,Hungary,0,10,22,0.061349693,0.043650794,10.25,27.75,319
1964,Japan,India,0,1,1,0.006134969,0.001984127,0.75,1.25,111
1964,Japan,Iran,0,0,2,0,0.003968254,0.5,4.5,96
1964,Japan,Ireland,0,0,1,0,0.001984127,0.75,2.25,35
1964,Japan,Italy,0,10,27,0.061349693,0.053571429,9.75,27.25,256
1964,Japan,Japan,1,16,29,0.098159509,0.057539683,6.25,18.75,456
1964,Japan,Kenya,0,0,1,0,0.001984127,0,1,41
1964,Japan,Mexico,0,0,1,0,0.001984127,0.25,1.25,128
1964,Japan,Netherlands,0,2,10,0.012269939,0.01984127,1.75,8.5,4
1964,Japan,Netherlands,0,2,10,0.012269939,0.01984127,1.75,8.5,158
1964,Japan,New Zealand,0,3,5,0.018404908,0.009920635,2,3.25,88
1964,Japan,Nigeria,0,0,1,0,0.001984127,0,1,19
1964,Japan,Pakistan,0,0,1,0,0.001984127,0,1,47
1964,Japan,Philippines,0,0,1,0,0.001984127,0,1.5,70
1964,Japan,Poland,0,7,23,0.042944785,0.045634921,3.25,14.25,240
1964,Japan,Romania,0,2,12,0.012269939,0.023809524,2.75,9.75,232
1964,Japan,Russia,0,30,96,0.18404908,0.19047619,33,92,463
1964,Japan,Serbia,0,2,5,0.012269939,0.009920635,1,3.25,123
1964,Japan,South Korea,0,0,3,0,0.005952381,0,2.25,240
1964,Japan,Sweden,0,2,8,0.012269939,0.015873016,5.75,17,175
1964,Japan,Switzerland,0,1,4,0.006134969,0.007936508,0.75,6.25,129
1964,Japan,Trinidad and Tobago,0,0,3,0,0.005952381,0,3,18
1964,Japan,Tunisia,0,0,2,0,0.003968254,0,2,12
1964,Japan,Turkey,0,2,6,0.012269939,0.011904762,3.5,6.25,25
1964,Japan,United States,0,36,90,0.220858896,0.178571429,35.5,77.75,492
1964,Japan,Uruguay,0,0,1,0,0.001984127,0,1.5,29
1968,Mexico,Argentina,0,0,2,0,0.003795066,0,1.75,132
1968,Mexico,Australia,0,5,17,0.028735632,0.032258065,8,23,224
1968,Mexico,Austria,0,0,4,0,0.007590133,0.25,2.5,59
1968,Mexico,Belgium,0,0,2,0,0.003795066,0.5,2.75,106
1968,Mexico,Brazil,0,0,3,0,0.0056926,0.25,1.75,89
1968,Mexico,Bulgaria,0,2,9,0.011494253,0.017077799,1.75,7.75,189
1968,Mexico,Cameroon,0,0,1,0,0.001897533,0,1,5
1968,Mexico,Canada,0,1,5,0.005747126,0.009487666,1,4,291
1968,Mexico,Cuba,0,0,4,0,0.007590133,0.75,2.25,227
1968,Mexico,Czechoslovakia,0,7,13,0.040229885,0.024667932,4,10.25,203
1968,Mexico,Denmark,0,1,8,0.005747126,0.015180266,1.5,6,93
1968,Mexico,East Germany,0,9,25,0.051724138,0.04743833,9,25,432
1968,Mexico,Ethiopia,0,1,2,0.005747126,0.003795066,1,2,26
1968,Mexico,Finland,0,1,4,0.005747126,0.007590133,2,7.25,126
1968,Mexico,France,0,7,15,0.040229885,0.028462998,3,12.25,311
1968,Mexico,Great Britain,0,5,13,0.028735632,0.024667932,4.25,18.75,328
1968,Mexico,Greece,0,0,1,0,0.001897533,0.25,1,44
1968,Mexico,Hungary,0,10,32,0.057471264,0.060721063,8.75,25.25,303
1968,Mexico,India,0,0,1,0,0.001897533,0.5,1,27
1968,Mexico,Iran,0,2,5,0.011494253,0.009487666,1,4,14
1968,Mexico,Italy,0,3,16,0.017241379,0.030360531,8.5,26,268
1968,Mexico,Jamaica,0,0,1,0,0.001897533,0,1,35
1968,Mexico,Japan,0,11,25,0.063218391,0.04743833,8.75,22.75,289
1968,Mexico,Kenya,0,3,9,0.017241379,0.017077799,3,9,50
1968,Mexico,Mexico,1,3,9,0.017241379,0.017077799,1,3.25,446
1968,Mexico,Mongolia,0,0,4,0,0.007590133,0,4,38
1968,Mexico,Netherlands,0,3,7,0.017241379,0.013282732,1.25,6.25,5
1968,Mexico,Netherlands,0,3,7,0.017241379,0.013282732,1.25,6.25,140
1968,Mexico,New Zealand,0,1,3,0.005747126,0.0056926,2,3.25,65
1968,Mexico,Norway,0,1,2,0.005747126,0.003795066,1.5,2.75,86
1968,Mexico,Pakistan,0,1,1,0.005747126,0.001897533,0.5,1.25,15
1968,Mexico,Poland,0,5,18,0.028735632,0.034155598,4.25,17.75,296
1968,Mexico,Romania,0,4,15,0.022988506,0.028462998,3.5,12.5,100
1968,Mexico,Russia,0,29,91,0.166666667,0.172675522,34.75,97,471
1968,Mexico,Serbia,0,3,8,0.017241379,0.015180266,1.5,4.5,130
1968,Mexico,South Korea,0,0,2,0,0.003795066,0,2.25,66
1968,Mexico,Sweden,0,2,4,0.011494253,0.007590133,3.25,9.25,186
1968,Mexico,Switzerland,0,0,5,0,0.009487666,0.25,4,155
1968,Mexico,Tunisia,0,1,2,0.005747126,0.003795066,1,2,8
1968,Mexico,Turkey,0,2,2,0.011494253,0.003795066,3.5,6,30
1968,Mexico,Uganda,0,0,2,0,0.003795066,0,2,14
1968,Mexico,United States,0,45,107,0.25862069,0.203036053,36.75,85.5,529
1968,Mexico,Venezuela,0,1,1,0.005747126,0.001897533,1,1,30
1968,Mexico,West Germany,0,5,26,0.028735632,0.049335863,5,26,346
1972,West Germany,Argentina,0,0,1,0,0.001666667,0,1.5,123
1972,West Germany,Australia,0,8,17,0.041025641,0.028333333,6.75,18.5,266
1972,West Germany,Austria,0,0,3,0,0.005,0.25,2.75,143
1972,West Germany,Belgium,0,0,2,0,0.003333333,0.5,2.75,106
1972,West Germany,Brazil,0,0,2,0,0.003333333,0,2,104
1972,West Germany,Bulgaria,0,6,21,0.030769231,0.035,3,11.75,226
1972,West Germany,Canada,0,0,5,0,0.008333333,0.5,3.75,344
1972,West Germany,Colombia,0,0,3,0,0.005,0,3,75
1972,West Germany,Cuba,0,3,8,0.015384615,0.013333333,0.75,3.5,201
1972,West Germany,Czechoslovakia,0,2,8,0.01025641,0.013333333,4.25,10.75,274
1972,West Germany,Denmark,0,1,1,0.005128205,0.001666667,1.5,5.25,155
1972,West Germany,East Germany,0,20,66,0.102564103,0.11,20,66,587
1972,West Germany,Ethiopia,0,0,2,0,0.003333333,0.75,1.5,40
1972,West Germany,Finland,0,3,8,0.015384615,0.013333333,2,5.5,133
1972,West Germany,France,0,2,13,0.01025641,0.021666667,2.5,12,356
1972,West Germany,Ghana,0,0,1,0,0.001666667,0,1,41
1972,West Germany,Great Britain,0,4,18,0.020512821,0.03,3.75,17.25,433
1972,West Germany,Greece,0,0,2,0,0.003333333,0.25,1.25,66
1972,West Germany,Hungary,0,6,35,0.030769231,0.058333333,8,27.5,367
1972,West Germany,India,0,0,1,0,0.001666667,0.25,1,43
1972,West Germany,Iran,0,0,3,0,0.005,0.5,3.5,56
1972,West Germany,Italy,0,5,18,0.025641026,0.03,7.75,24.25,345
1972,West Germany,Jamaica,0,0,1,0,0.001666667,0.75,2.5,51
1972,West Germany,Japan,0,13,29,0.066666667,0.048333333,11,25.25,293
1972,West Germany,Kenya,0,2,9,0.01025641,0.015,2,9,69
1972,West Germany,Mexico,0,0,1,0,0.001666667,0.75,3,281
1972,West Germany,Mongolia,0,0,1,0,0.001666667,0,1,44
1972,West Germany,Netherlands,0,3,5,0.015384615,0.008333333,2,6.25,2
1972,West Germany,Netherlands,0,3,5,0.015384615,0.008333333,2,6.25,199
1972,West Germany,New Zealand,0,1,3,0.005128205,0.005,1.75,3.5,112
1972,West Germany,Niger,0,0,1,0,0.001666667,0,1,4
1972,West Germany,Nigeria,0,0,1,0,0.001666667,0,1,36
1972,West Germany,North Korea,0,1,5,0.005128205,0.008333333,1,5,83
1972,West Germany,Norway,0,2,4,0.01025641,0.006666667,1.25,2.5,161
1972,West Germany,Pakistan,0,0,1,0,0.001666667,0.5,1.25,26
1972,West Germany,Poland,0,7,21,0.035897436,0.035,5.75,20.75,418
1972,West Germany,Romania,0,3,16,0.015384615,0.026666667,3,13.25,258
1972,West Germany,Russia,0,50,99,0.256410256,0.165,38,97.25,531
1972,West Germany,Serbia,0,2,5,0.01025641,0.008333333,2,5,212
1972,West Germany,South Korea,0,0,1,0,0.001666667,0,2,43
1972,West Germany,Spain,0,0,1,0,0.001666667,0,1,162
1972,West Germany,Sweden,0,4,16,0.020512821,0.026666667,2.25,8.5,186
1972,West Germany,Switzerland,0,0,3,0,0.005,0.25,4.5,265
1972,West Germany,Tunisia,0,0,1,0,0.001666667,0,1,37
1972,West Germany,Turkey,0,0,1,0,0.001666667,2.75,4.5,50
1972,West Germany,Uganda,0,1,2,0.005128205,0.003333333,1,2,35
1972,West Germany,United States,0,33,94,0.169230769,0.156666667,37,90.5,578
1972,West Germany,West Germany,1,13,40,0.066666667,0.066666667,13,40,454
1976,Canada,Australia,0,0,5,0,0.008156607,4.75,14.25,274
1976,Canada,Austria,0,0,1,0,0.001631321,0.25,2.5,73
1976,Canada,Belgium,0,0,6,0,0.009787928,0.5,3.25,149
1976,Canada,Bermuda,0,0,1,0,0.001631321,0,1,20
1976,Canada,Brazil,0,0,2,0,0.003262643,0,2,89
1976,Canada,Bulgaria,0,6,22,0.03030303,0.03588907,4.25,15.5,254
1976,Canada,Canada,1,0,11,0,0.017944535,0.5,6.25,531
1976,Canada,Cuba,0,6,13,0.03030303,0.021207178,2.25,6.5,194
1976,Canada,Czechoslovakia,0,2,8,0.01010101,0.013050571,4,10.75,251
1976,Canada,Denmark,0,1,3,0.005050505,0.004893964,1.25,4.5,81
1976,Canada,East Germany,0,40,90,0.202020202,0.146818923,40,90,452
1976,Canada,Finland,0,4,6,0.02020202,0.009787928,2.75,5.75,108
1976,Canada,France,0,2,9,0.01010101,0.014681892,3,13,302
1976,Canada,Great Britain,0,3,13,0.015151515,0.021207178,4,15.5,353
1976,Canada,Hungary,0,4,22,0.02020202,0.03588907,7.5,27.75,288
1976,Canada,Iran,0,0,2,0,0.003262643,0.5,3,104
1976,Canada,Italy,0,2,13,0.01010101,0.021207178,5,18.5,312
1976,Canada,Jamaica,0,1,2,0.005050505,0.003262643,0.75,2.25,36
1976,Canada,Japan,0,9,25,0.045454545,0.040783034,12.25,27,328
1976,Canada,Mexico,0,1,2,0.005050505,0.003262643,1,3.25,137
1976,Canada,Mongolia,0,0,1,0,0.001631321,0,1,33
1976,Canada,Netherlands,0,0,5,0,0.008156607,2,6.75,4
1976,Canada,Netherlands,0,0,5,0,0.008156607,2,6.75,175
1976,Canada,New Zealand,0,2,4,0.01010101,0.006525285,1.75,3.75,98
1976,Canada,North Korea,0,1,2,0.005050505,0.003262643,1,2,40
1976,Canada,Norway,0,1,2,0.005050505,0.003262643,1.25,2.25,79
1976,Canada,Pakistan,0,0,1,0,0.001631321,0.25,1,24
1976,Canada,Poland,0,7,26,0.035353535,0.042414356,6.5,22,286
1976,Canada,Portugal,0,0,2,0,0.003262643,0,1.5,36
1976,Canada,Puerto Rico,0,0,1,0,0.001631321,0,1,112
1976,Canada,Romania,0,4,27,0.02020202,0.044045677,3.25,17.5,255
1976,Canada,Russia,0,49,125,0.247474747,0.203915171,39.5,102.75,574
1976,Canada,Serbia,0,2,8,0.01010101,0.013050571,2.25,6.5,95
1976,Canada,South Korea,0,1,6,0.005050505,0.009787928,0.25,3,51
1976,Canada,Spain,0,0,2,0,0.003262643,0,1.25,160
1976,Canada,Sweden,0,4,5,0.02020202,0.008156607,3,8.25,163
1976,Canada,Switzerland,0,1,4,0.005050505,0.006525285,0.5,4,101
1976,Canada,Thailand,0,0,1,0,0.001631321,0,1,62
1976,Canada,Trinidad and Tobago,0,1,1,0.005050505,0.001631321,0.25,1.75,20
1976,Canada,United States,0,34,94,0.171717172,0.153344209,37,96.25,554
1976,Canada,Venezuela,0,0,1,0,0.001631321,0.25,1,56
1976,Canada,West Germany,0,10,39,0.050505051,0.063621533,10,39,407
1980,Soviet Union,Australia,0,2,9,0.009803922,0.014263074,3.75,12,190
1980,Soviet Union,Austria,0,1,4,0.004901961,0.006339144,0.25,3,92
1980,Soviet Union,Belgium,0,1,1,0.004901961,0.001584786,0.25,2.75,84
1980,Soviet Union,Brazil,0,2,4,0.009803922,0.006339144,0.5,2.75,149
1980,Soviet Union,Bulgaria,0,8,41,0.039215686,0.064976228,5.5,23.25,397
1980,Soviet Union,Cuba,0,8,20,0.039215686,0.031695721,4.25,11.25,288
1980,Soviet Union,Czechoslovakia,0,2,14,0.009803922,0.022187005,3.25,10.75,317
1980,Soviet Union,Denmark,0,2,5,0.009803922,0.00792393,1.25,4.25,60
1980,Soviet Union,Ethiopia,0,2,4,0.009803922,0.006339144,1,2.25,48
1980,Soviet Union,Finland,0,3,8,0.014705882,0.012678288,2.75,6.5,125
1980,Soviet Union,France,0,6,14,0.029411765,0.022187005,4.25,12.75,200
1980,Soviet Union,Great Britain,0,5,21,0.024509804,0.033280507,4.25,16.25,328
1980,Soviet Union,Greece,0,1,3,0.004901961,0.004754358,0.5,1.75,45
1980,Soviet Union,Guyana,0,0,1,0,0.001584786,0,1,10
1980,Soviet Union,Hungary,0,7,32,0.034313725,0.050713154,6.75,30.25,392
1980,Soviet Union,India,0,1,1,0.004901961,0.001584786,0.5,1,78
1980,Soviet Union,Ireland,0,0,2,0,0.003169572,0.25,2.25,57
1980,Soviet Union,Italy,0,8,15,0.039215686,0.023771791,4.5,15.5,203
1980,Soviet Union,Jamaica,0,0,3,0,0.004754358,0.25,1.75,32
1980,Soviet Union,Mexico,0,0,4,0,0.006339144,1,4,74
1980,Soviet Union,Mongolia,0,0,4,0,0.006339144,0,2.5,57
1980,Soviet Union,Netherlands,0,0,3,0,0.004754358,1.5,5,112
1980,Soviet Union,North Korea,0,0,5,0,0.00792393,0,5,121
1980,Soviet Union,Poland,0,3,32,0.014705882,0.050713154,5.5,24.25,418
1980,Soviet Union,Romania,0,6,25,0.029411765,0.039619651,4.25,20.75,339
1980,Soviet Union,Russia,0,80,195,0.392156863,0.309033281,52,127.5,660
1980,Soviet Union,Serbia,0,2,9,0.009803922,0.014263074,2.25,7.5,180
1980,Soviet Union,Spain,0,1,6,0.004901961,0.009508716,0.25,2.5,211
1980,Soviet Union,Sweden,0,3,12,0.014705882,0.019017433,3.25,9.25,201
1980,Soviet Union,Switzerland,0,2,2,0.009803922,0.003169572,0.75,3.5,86
1980,Soviet Union,Tanzania,0,0,2,0,0.003169572,0,2,48
1980,Soviet Union,Uganda,0,0,1,0,0.001584786,0,1,16
1980,Soviet Union,Venezuela,0,0,1,0,0.001584786,0.25,1,43
1980,Soviet Union,Zimbabwe,0,1,1,0.004901961,0.001584786,1,1,52
1984,United States,Algeria,0,0,2,0,0.002906977,0,2,33
1984,United States,Australia,0,4,24,0.017699115,0.034883721,3.5,13.75,337
1984,United States,Austria,0,1,3,0.004424779,0.004360465,0.5,2.75,130
1984,United States,Belgium,0,1,4,0.004424779,0.005813953,0.5,3.25,86
1984,United States,Brazil,0,1,8,0.004424779,0.011627907,0.75,4,197
1984,United States,Cameroon,0,0,1,0,0.001453488,0,1,56
1984,United States,Canada,0,10,44,0.044247788,0.063953488,2.75,16.25,572
1984,United States,China,0,15,32,0.066371681,0.046511628,15,32,323
1984,United States,Chinese Taipei,0,0,1,0,0.001453488,0,1,52
1984,United States,Colombia,0,0,1,0,0.001453488,0,1,48
1984,United States,Denmark,0,0,6,0,0.00872093,1,3.75,74
1984,United States,Dominican Republic,0,0,1,0,0.001453488,0,1,24
1984,United States,Egypt,0,0,1,0,0.001453488,0.5,2.25,148
1984,United States,Finland,0,4,12,0.017699115,0.01744186,3.5,8.5,107
1984,United States,France,0,5,28,0.022123894,0.040697674,3.75,16,354
1984,United States,Great Britain,0,5,37,0.022123894,0.05377907,4.25,22.25,509
1984,United States,Greece,0,0,2,0,0.002906977,0.25,2,73
1984,United States,Iceland,0,0,1,0,0.001453488,0,1,35
1984,United States,Ireland,0,0,1,0,0.001453488,0.25,2.25,55
1984,United States,Italy,0,14,32,0.061946903,0.046511628,7.25,19.5,368
1984,United States,Ivory Coast,0,0,1,0,0.001453488,0,1,18
1984,United States,Jamaica,0,0,3,0,0.004360465,0.25,2.25,75
1984,United States,Japan,0,10,32,0.044247788,0.046511628,10.75,27.75,365
1984,United States,Kenya,0,1,3,0.004424779,0.004360465,1.5,5.5,67
1984,United States,Mexico,0,2,6,0.008849558,0.00872093,0.75,3.25,155
1984,United States,Morocco,0,2,2,0.008849558,0.002906977,2,2,35
1984,United States,Netherlands,0,5,13,0.022123894,0.018895349,2,6.5,13
1984,United States,Netherlands,0,5,13,0.022123894,0.018895349,2,6.5,185
1984,United States,New Zealand,0,8,11,0.03539823,0.015988372,3,5.25,162
1984,United States,Nigeria,0,0,2,0,0.002906977,0,2,36
1984,United States,Norway,0,0,3,0,0.004360465,1,2.75,132
1984,United States,Pakistan,0,1,1,0.004424779,0.001453488,0.5,1,33
1984,United States,Peru,0,0,1,0,0.001453488,0,1,44
1984,United States,Portugal,0,1,3,0.004424779,0.004360465,0.25,1.75,48
1984,United States,Puerto Rico,0,0,2,0,0.002906977,0,2,58
1984,United States,Romania,0,20,53,0.088495575,0.077034884,8.25,30.25,193
1984,United States,Serbia,0,7,18,0.030973451,0.026162791,3.25,10,154
1984,United States,South Korea,0,6,19,0.026548673,0.027616279,1.75,7,240
1984,United States,Spain,0,1,5,0.004424779,0.007267442,0.5,3.5,257
1984,United States,Sweden,0,2,19,0.008849558,0.027616279,3.25,13,254
1984,United States,Switzerland,0,0,8,0,0.011627907,0.75,4.25,245
1984,United States,Syria,0,0,1,0,0.001453488,0,1,9
1984,United States,Thailand,0,0,1,0,0.001453488,0,1,40
1984,United States,Turkey,0,0,3,0,0.004360465,1,3,62
1984,United States,United States,1,83,174,0.367256637,0.252906977,48.75,117.25,693
1984,United States,Venezuela,0,0,3,0,0.004360465,0.25,1.5,44
1984,United States,Zambia,0,0,1,0,0.001453488,0,1,18
1988,South Korea,Argentina,0,0,2,0,0.00270636,0,1.5,134
1988,South Korea,Australia,0,3,14,0.012448133,0.01894452,2.25,13,339
1988,South Korea,Austria,0,1,1,0.004149378,0.00135318,0.75,2.25,96
1988,South Korea,Belgium,0,0,2,0,0.00270636,0.5,3.25,85
1988,South Korea,Brazil,0,1,6,0.004149378,0.00811908,1,5,233
1988,South Korea,Bulgaria,0,10,35,0.041493776,0.047361299,7.5,29.75,281
1988,South Korea,Canada,0,3,10,0.012448133,0.0135318,3.25,17.5,503
1988,South Korea,Chile,0,0,1,0,0.00135318,0,2,23
1988,South Korea,China,0,5,28,0.020746888,0.037889039,5,28,427
1988,South Korea,Colombia,0,0,1,0,0.00135318,0,1,57
1988,South Korea,Costa Rica,0,0,1,0,0.00135318,0,1,33
1988,South Korea,Czechoslovakia,0,3,8,0.012448133,0.01082544,2.25,9.5,226
1988,South Korea,Denmark,0,2,4,0.008298755,0.00541272,1.25,4.5,130
1988,South Korea,Djibouti,0,0,1,0,0.00135318,0,1,6
1988,South Korea,East Germany,0,37,102,0.153526971,0.138024357,36,96,516
1988,South Korea,Finland,0,1,4,0.004149378,0.00541272,3,7.5,101
1988,South Korea,France,0,6,16,0.024896266,0.02165088,4.75,16.75,413
1988,South Korea,Great Britain,0,5,24,0.020746888,0.032476319,4.5,23.75,472
1988,South Korea,Greece,0,0,1,0,0.00135318,0.25,2,72
1988,South Korea,Hungary,0,11,23,0.045643154,0.031123139,7,28,315
1988,South Korea,Indonesia,0,0,1,0,0.00135318,0,1,43
1988,South Korea,Iran,0,0,1,0,0.00135318,0.5,2.75,26
1988,South Korea,Italy,0,6,14,0.024896266,0.01894452,7.5,18.5,374
1988,South Korea,Jamaica,0,0,2,0,0.00270636,0.25,2.5,49
1988,South Korea,Japan,0,4,14,0.01659751,0.01894452,9,25,412
1988,South Korea,Kenya,0,5,9,0.020746888,0.01217862,2.75,7.5,88
1988,South Korea,Mexico,0,0,2,0,0.00270636,0.75,3.5,144
1988,South Korea,Mongolia,0,0,1,0,0.00135318,0,1.75,32
1988,South Korea,Morocco,0,1,3,0.004149378,0.00405954,1,3,29
1988,South Korea,Netherlands,0,2,9,0.008298755,0.01217862,1.75,7.5,4
1988,South Korea,Netherlands,0,2,9,0.008298755,0.01217862,1.75,7.5,202
1988,South Korea,New Zealand,0,3,13,0.012448133,0.01759134,3.5,7.75,112
1988,South Korea,Norway,0,2,5,0.008298755,0.0067659,1.25,3.5,79
1988,South Korea,Pakistan,0,0,1,0,0.00135318,0.25,1,33
1988,South Korea,Peru,0,0,1,0,0.00135318,0,1,26
1988,South Korea,Philippines,0,0,1,0,0.00135318,0,1.5,42
1988,South Korea,Poland,0,2,16,0.008298755,0.02165088,4.75,23.75,192
1988,South Korea,Portugal,0,1,1,0.004149378,0.00135318,0.5,1.75,91
1988,South Korea,Romania,0,7,24,0.029045643,0.032476319,9.25,32.25,172
1988,South Korea,Russia,0,55,132,0.228215768,0.178619756,58.5,137.75,647
1988,South Korea,Senegal,0,0,1,0,0.00135318,0,1,35
1988,South Korea,Serbia,0,3,12,0.012448133,0.01623816,3.5,11.75,183
1988,South Korea,South Korea,1,12,33,0.049792531,0.044654939,4.75,14.75,551
1988,South Korea,Spain,0,1,4,0.004149378,0.00541272,0.75,4.25,317
1988,South Korea,Suriname,0,1,1,0.004149378,0.00135318,1,1,10
1988,South Korea,Sweden,0,0,11,0,0.01488498,2.25,11.75,251
1988,South Korea,Switzerland,0,0,4,0,0.00541272,0.75,4.5,151
1988,South Korea,Thailand,0,0,1,0,0.00135318,0,1,15
1988,South Korea,Turkey,0,1,2,0.004149378,0.00270636,0.75,2,51
1988,South Korea,United States,0,36,94,0.149377593,0.127198917,46.5,114,715
1988,South Korea,Virgin Islands,0,0,1,0,0.00135318,0,1,46
1988,South Korea,West Germany,0,11,40,0.045643154,0.054127199,12.75,44.5,402
1992,Spain,Algeria,0,1,2,0.003846154,0.002453988,1,2,36
1992,Spain,Argentina,0,0,1,0,0.001226994,0,1.5,111
1992,Spain,Australia,0,7,27,0.026923077,0.033128834,4,18.5,390
1992,Spain,Austria,0,0,2,0,0.002453988,0.75,2.5,127
1992,Spain,Bahamas,0,0,1,0,0.001226994,0,1,18
1992,Spain,Belgium,0,0,3,0,0.003680982,0.5,2.5,103
1992,Spain,Brazil,0,2,3,0.007692308,0.003680982,1.5,5.25,233
1992,Spain,Bulgaria,0,3,16,0.011538462,0.019631902,6.75,28.5,236
1992,Spain,Canada,0,7,18,0.026923077,0.02208589,5,20.75,445
1992,Spain,China,0,16,54,0.061538462,0.066257669,16,54,394
1992,Spain,Chinese Taipei,0,0,1,0,0.001226994,0,1,38
1992,Spain,Colombia,0,0,1,0,0.001226994,0,1.5,61
1992,Spain,Croatia,0,0,3,0,0.003680982,0,3,46
1992,Spain,Cuba,0,14,31,0.053846154,0.03803681,7.75,18,196
1992,Spain,Czechoslovakia,0,4,7,0.015384615,0.008588957,2.75,9.25,269
1992,Spain,Denmark,0,1,6,0.003846154,0.007361963,1.25,5.25,144
1992,Spain,Estonia,0,1,2,0.003846154,0.002453988,1.5,5,46
1992,Spain,Ethiopia,0,1,3,0.003846154,0.003680982,1,2.75,24
1992,Spain,Finland,0,1,5,0.003846154,0.006134969,2.25,7.25,130
1992,Spain,France,0,8,29,0.030769231,0.035582822,6.25,21.75,486
1992,Spain,Germany,0,33,82,0.126923077,0.100613497,19,57.75,653
1992,Spain,Ghana,0,0,1,0,0.001226994,0,1,41
1992,Spain,Great Britain,0,5,20,0.019230769,0.024539877,5,25.5,512
1992,Spain,Greece,0,2,2,0.007692308,0.002453988,0.75,2,76
1992,Spain,Hungary,0,11,30,0.042307692,0.036809816,8.25,26.75,351
1992,Spain,Indonesia,0,2,5,0.007692308,0.006134969,2,5,51
1992,Spain,Iran,0,0,3,0,0.003680982,0,2.25,44
1992,Spain,Ireland,0,1,2,0.003846154,0.002453988,0.25,1.5,77
1992,Spain,Israel,0,0,2,0,0.002453988,0,2,44
1992,Spain,Italy,0,6,19,0.023076923,0.023312883,8.5,20,431
1992,Spain,Jamaica,0,0,4,0,0.004907975,0,3,51
1992,Spain,Japan,0,3,22,0.011538462,0.026993865,6.5,23.25,392
1992,Spain,Kenya,0,2,8,0.007692308,0.009815951,2.5,7.25,55
1992,Spain,Latvia,0,0,3,0,0.003680982,0,3,40
1992,Spain,Lithuania,0,1,2,0.003846154,0.002453988,1,2,54
1992,Spain,Malaysia,0,0,1,0,0.001226994,0,1,30
1992,Spain,Mexico,0,0,1,0,0.001226994,0.5,3.25,140
1992,Spain,Mongolia,0,0,2,0,0.002453988,0,2,38
1992,Spain,Morocco,0,1,3,0.003846154,0.003680982,1,2.25,45
1992,Spain,Namibia,0,0,2,0,0.002453988,0,2,10
1992,Spain,Netherlands,0,2,15,0.007692308,0.018404908,2.25,10,4
1992,Spain,Netherlands,0,2,15,0.007692308,0.018404908,2.25,10,257
1992,Spain,New Zealand,0,1,10,0.003846154,0.012269939,3.5,9.5,175
1992,Spain,Nigeria,0,0,4,0,0.004907975,0,2,72
1992,Spain,North Korea,0,4,9,0.015384615,0.011042945,1.5,5.25,123
1992,Spain,Norway,0,2,7,0.007692308,0.008588957,1.25,4.25,114
1992,Spain,Pakistan,0,0,1,0,0.001226994,0.25,1,28
1992,Spain,Peru,0,0,1,0,0.001226994,0.25,1,21
1992,Spain,Philippines,0,0,1,0,0.001226994,0,1,38
1992,Spain,Poland,0,3,19,0.011538462,0.023312883,3.75,23.25,263
1992,Spain,Puerto Rico,0,0,1,0,0.001226994,0,1.25,101
1992,Spain,Qatar,0,0,1,0,0.001226994,0,1,30
1992,Spain,Romania,0,4,18,0.015384615,0.02208589,9.25,30,306
1992,Spain,Slovenia,0,0,2,0,0.002453988,0,2,47
1992,Spain,South Africa,0,0,2,0,0.002453988,0.5,4.75,141
1992,Spain,South Korea,0,12,29,0.046153846,0.035582822,7.75,21.75,322
1992,Spain,Spain,1,13,22,0.05,0.026993865,4,9.25,537
1992,Spain,Suriname,0,0,1,0,0.001226994,0,1,9
1992,Spain,Sweden,0,1,12,0.003846154,0.014723926,1.5,13.5,252
1992,Spain,Switzerland,0,1,1,0.003846154,0.001226994,0.75,3.75,171
1992,Spain,Thailand,0,0,1,0,0.001226994,0,1,64
1992,Spain,Turkey,0,2,6,0.007692308,0.007361963,0.75,3,54
1992,Spain,Unified Team,0,45,112,0.173076923,0.137423313,45,112,650
1992,Spain,United States,0,37,108,0.142307692,0.132515337,47.5,117.5,734
1996,United States,Algeria,0,2,3,0.007380074,0.003562945,2,3,47
1996,United States,Argentina,0,0,3,0,0.003562945,0,1.75,221
1996,United States,Armenia,0,1,2,0.003690037,0.002375297,1,2,38
1996,United States,Australia,0,9,41,0.033210332,0.048693587,5.75,26.5,550
1996,United States,Austria,0,0,3,0,0.003562945,0.5,2.25,92
1996,United States,Azerbaijan,0,0,1,0,0.001187648,0,1,24
1996,United States,Bahamas,0,0,1,0,0.001187648,0.25,1,36
1996,United States,Belarus,0,1,15,0.003690037,0.017814727,1,15,259
1996,United States,Belgium,0,2,6,0.007380074,0.007125891,0.75,3.75,81
1996,United States,Brazil,0,3,15,0.011070111,0.017814727,1.75,8,251
1996,United States,Bulgaria,0,3,15,0.011070111,0.017814727,6,26.75,181
1996,United States,Burundi,0,1,1,0.003690037,0.001187648,1,1,7
1996,United States,Canada,0,3,22,0.011070111,0.026128266,5.75,23.5,408
1996,United States,China,0,16,50,0.05904059,0.059382423,13,41,438
1996,United States,Chinese Taipei,0,0,1,0,0.001187648,0,1,107
1996,United States,Costa Rica,0,1,1,0.003690037,0.001187648,1,1,13
1996,United States,Croatia,0,1,2,0.003690037,0.002375297,1,2,117
1996,United States,Cuba,0,9,25,0.033210332,0.029691211,9.25,22.25,178
1996,United States,Czech Republic,0,4,11,0.014760148,0.013064133,4,11,169
1996,United States,Denmark,0,4,6,0.014760148,0.007125891,1.75,5.5,145
1996,United States,Ecuador,0,1,1,0.003690037,0.001187648,1,1,28
1996,United States,Ethiopia,0,2,3,0.007380074,0.003562945,1.25,3,19
1996,United States,Finland,0,1,4,0.003690037,0.004750594,1.75,6.25,105
1996,United States,France,0,15,37,0.055350554,0.043942993,8.5,27.5,453
1996,United States,Georgia,0,0,2,0,0.002375297,0,2,42
1996,United States,Germany,0,20,65,0.073800738,0.07719715,22.75,68,626
1996,United States,Great Britain,0,1,15,0.003690037,0.017814727,4,24,391
1996,United States,Greece,0,4,8,0.014760148,0.009501188,1.5,3.25,180
1996,United States,Hong Kong,0,1,1,0.003690037,0.001187648,1,1,32
1996,United States,Hungary,0,7,21,0.025830258,0.024940618,9,26.5,315
1996,United States,India,0,0,1,0,0.001187648,0.25,1,54
1996,United States,Indonesia,0,1,4,0.003690037,0.004750594,1,4,45
1996,United States,Iran,0,1,3,0.003690037,0.003562945,0.25,2.25,18
1996,United States,Ireland,0,3,4,0.011070111,0.004750594,1,2.25,99
1996,United States,Israel,0,0,1,0,0.001187648,0,1,38
1996,United States,Italy,0,13,35,0.04797048,0.041567696,9.75,25,460
1996,United States,Jamaica,0,1,6,0.003690037,0.007125891,0.25,3.75,69
1996,United States,Japan,0,3,14,0.011070111,0.016627078,5,20.5,448
1996,United States,Kazakhstan,0,3,11,0.011070111,0.013064133,3,11,142
1996,United States,Kenya,0,1,8,0.003690037,0.009501188,2.25,7,54
1996,United States,Latvia,0,0,1,0,0.001187648,0,1.75,55
1996,United States,Lithuania,0,0,1,0,0.001187648,0,1,81
1996,United States,Malaysia,0,0,2,0,0.002375297,0,2,43
1996,United States,Mexico,0,0,1,0,0.001187648,0.5,2.5,111
1996,United States,Moldova,0,0,2,0,0.002375297,0,2,50
1996,United States,Mongolia,0,0,1,0,0.001187648,0,2,18
1996,United States,Morocco,0,0,2,0,0.002375297,1,2.5,38
1996,United States,Mozambique,0,0,1,0,0.001187648,0,1,3
1996,United States,Namibia,0,0,2,0,0.002375297,0,2,10
1996,United States,Netherlands,0,4,19,0.014760148,0.022565321,3.25,14,7
1996,United States,Netherlands,0,4,19,0.014760148,0.022565321,3.25,14,290
1996,United States,New Zealand,0,3,6,0.011070111,0.007125891,3.75,10,129
1996,United States,Nigeria,0,2,6,0.007380074,0.007125891,0.5,3.25,84
1996,United States,North Korea,0,2,5,0.007380074,0.005938242,1.75,5.25,36
1996,United States,Norway,0,2,7,0.007380074,0.008313539,1.5,5.5,116
1996,United States,Philippines,0,0,1,0,0.001187648,0,1,18
1996,United States,Poland,0,7,17,0.025830258,0.020190024,3.75,21,207
1996,United States,Portugal,0,1,2,0.003690037,0.002375297,0.75,2,131
1996,United States,Puerto Rico,0,0,1,0,0.001187648,0,1.25,91
1996,United States,Romania,0,4,20,0.014760148,0.023752969,8.75,28.75,284
1996,United States,Russia,0,26,63,0.095940959,0.074821853,52.5,128.75,552
1996,United States,Slovakia,0,1,3,0.003690037,0.003562945,1,3,98
1996,United States,Slovenia,0,0,2,0,0.002375297,0,2,47
1996,United States,South Africa,0,3,5,0.011070111,0.005938242,0.75,3.5,111
1996,United States,South Korea,0,7,27,0.025830258,0.032066508,9.25,27,417
1996,United States,Spain,0,5,17,0.018450185,0.020190024,5,12,384
1996,United States,Sweden,0,2,8,0.007380074,0.009501188,1.25,12.5,233
1996,United States,Switzerland,0,4,7,0.014760148,0.008313539,1.25,5,172
1996,United States,Syria,0,1,1,0.003690037,0.001187648,1,1,8
1996,United States,Thailand,0,1,2,0.003690037,0.002375297,0.25,1.25,58
1996,United States,Tonga,0,0,1,0,0.001187648,0,1,5
1996,United States,Trinidad and Tobago,0,0,2,0,0.002375297,0.25,2,16
1996,United States,Tunisia,0,0,1,0,0.001187648,0.25,1.5,52
1996,United States,Turkey,0,4,6,0.014760148,0.007125891,1.75,4.25,61
1996,United States,Uganda,0,0,1,0,0.001187648,0.25,1.5,12
1996,United States,Ukraine,0,9,23,0.033210332,0.027315914,9,23,351
1996,United States,United States,1,44,101,0.162361624,0.119952494,50,119.25,839
1996,United States,Uzbekistan,0,0,2,0,0.002375297,0,2,95
1996,United States,Zambia,0,0,1,0,0.001187648,0,1,8
2000,Australia,Algeria,0,1,5,0.003333333,0.005393743,1,3,51
2000,Australia,Argentina,0,0,4,0,0.004314995,0,2.5,165
2000,Australia,Armenia,0,0,1,0,0.001078749,0,1,26
2000,Australia,Australia,1,16,58,0.053333333,0.062567422,8.75,35,788
2000,Australia,Austria,0,2,3,0.006666667,0.003236246,0.75,2.25,114
2000,Australia,Azerbaijan,0,2,3,0.006666667,0.003236246,2,3,32
2000,Australia,Bahamas,0,2,3,0.006666667,0.003236246,0.75,1.5,39
2000,Australia,Barbados,0,0,1,0,0.001078749,0,1,28
2000,Australia,Belarus,0,3,17,0.01,0.018338727,3,17,231
2000,Australia,Belgium,0,0,5,0,0.005393743,0.5,4,94
2000,Australia,Brazil,0,0,12,0,0.012944984,1.5,9,236
2000,Australia,Bulgaria,0,5,13,0.016666667,0.014023732,5.25,19.75,150
2000,Australia,Cameroon,0,1,1,0.003333333,0.001078749,1,1,39
2000,Australia,Canada,0,3,14,0.01,0.015102481,4,16,422
2000,Australia,Chile,0,0,1,0,0.001078749,0,2,58
2000,Australia,China,0,28,58,0.093333333,0.062567422,16.25,47.5,414
2000,Australia,Chinese Taipei,0,0,5,0,0.005393743,0,2,75
2000,Australia,Colombia,0,1,1,0.003333333,0.001078749,0.25,1,54
2000,Australia,Costa Rica,0,0,2,0,0.002157497,0,2,9
2000,Australia,Croatia,0,1,2,0.003333333,0.002157497,1,2,108
2000,Australia,Cuba,0,11,29,0.036666667,0.031283711,10.5,26.25,271
2000,Australia,Czech Republic,0,2,8,0.006666667,0.008629989,2,8,162
2000,Australia,Denmark,0,2,6,0.006666667,0.006472492,2.25,5.5,124
2000,Australia,Estonia,0,1,3,0.003333333,0.003236246,1.5,4.25,41
2000,Australia,Ethiopia,0,4,8,0.013333333,0.008629989,2.25,4.5,27
2000,Australia,Finland,0,2,4,0.006666667,0.004314995,1.25,4.25,88
2000,Australia,France,0,13,38,0.043333333,0.040992449,10.5,30,470
2000,Australia,Georgia,0,0,6,0,0.006472492,0,6,47
2000,Australia,Germany,0,13,56,0.043333333,0.060409924,16.5,56.75,567
2000,Australia,Great Britain,0,11,28,0.036666667,0.030204962,5.5,21.75,415
2000,Australia,Greece,0,4,13,0.013333333,0.014023732,2.5,6,175
2000,Australia,Hungary,0,8,17,0.026666667,0.018338727,9.25,22.75,238
2000,Australia,Iceland,0,0,1,0,0.001078749,0,1,29
2000,Australia,India,0,0,1,0,0.001078749,0.25,1,70
2000,Australia,Indonesia,0,1,6,0.003333333,0.006472492,1,4,54
2000,Australia,Iran,0,3,4,0.01,0.004314995,1,2.75,34
2000,Australia,Ireland,0,0,1,0,0.001078749,1,2,76
2000,Australia,Israel,0,0,1,0,0.001078749,0,1,58
2000,Australia,Italy,0,13,34,0.043333333,0.036677454,9.5,25.5,457
2000,Australia,Jamaica,0,0,9,0,0.009708738,0.25,5.25,65
2000,Australia,Japan,0,5,18,0.016666667,0.019417476,3.75,17,363
2000,Australia,Kazakhstan,0,3,7,0.01,0.007551241,3,7,158
2000,Australia,Kenya,0,2,7,0.006666667,0.007551241,2.5,8,59
2000,Australia,Kuwait,0,0,1,0,0.001078749,0,1,30
2000,Australia,Kyrgyzstan,0,0,1,0,0.001078749,0,1,71
2000,Australia,Latvia,0,1,3,0.003333333,0.003236246,0.25,2.25,60
2000,Australia,Lithuania,0,2,5,0.006666667,0.005393743,2,5,77
2000,Australia,Mexico,0,1,6,0.003333333,0.006472492,0.25,2.5,98
2000,Australia,Moldova,0,0,2,0,0.002157497,0,2,35
2000,Australia,Morocco,0,0,5,0,0.005393743,0.5,3.25,55
2000,Australia,Mozambique,0,1,1,0.003333333,0.001078749,1,1,4
2000,Australia,Netherlands,0,12,25,0.04,0.026968716,5,17,8
2000,Australia,Netherlands,0,12,25,0.04,0.026968716,5,17,285
2000,Australia,New Zealand,0,1,4,0.003333333,0.004314995,2,8.25,177
2000,Australia,Nigeria,0,1,3,0.003333333,0.003236246,0.75,3.75,100
2000,Australia,North Korea,0,0,4,0,0.004314995,1.5,5.75,47
2000,Australia,Norway,0,4,10,0.013333333,0.010787487,2.5,7.25,115
2000,Australia,Poland,0,6,14,0.02,0.015102481,4.5,16.5,240
2000,Australia,Portugal,0,0,2,0,0.002157497,0.75,2,64
2000,Australia,Qatar,0,0,1,0,0.001078749,0,1,19
2000,Australia,Romania,0,11,26,0.036666667,0.028047465,6.5,22,252
2000,Australia,Russia,0,32,89,0.106666667,0.09600863,48.25,119.75,602
2000,Australia,Saudi Arabia,0,0,2,0,0.002157497,0,2,23
2000,Australia,Slovakia,0,1,5,0.003333333,0.005393743,1,5,132
2000,Australia,Slovenia,0,2,2,0.006666667,0.002157497,2,2,90
2000,Australia,South Africa,0,0,5,0,0.005393743,0.75,3.75,161
2000,Australia,South Korea,0,8,28,0.026666667,0.030204962,9.75,29.25,359
2000,Australia,Spain,0,3,11,0.01,0.011866235,5.5,13.5,431
2000,Australia,Sri Lanka,0,0,1,0,0.001078749,0,1,24
2000,Australia,Sweden,0,4,12,0.013333333,0.012944984,1.75,10.75,198
2000,Australia,Switzerland,0,1,9,0.003333333,0.009708738,1.5,5.25,138
2000,Australia,Thailand,0,1,3,0.003333333,0.003236246,0.5,1.75,68
2000,Australia,Trinidad and Tobago,0,0,2,0,0.002157497,0.25,2,29
2000,Australia,Turkey,0,3,5,0.01,0.005393743,2.5,4.75,67
2000,Australia,Ukraine,0,3,23,0.01,0.024811219,3,23,368
2000,Australia,United States,0,37,93,0.123333333,0.100323625,38.5,99,764
2000,Australia,Uruguay,0,0,1,0,0.001078749,0,1.25,17
2000,Australia,Uzbekistan,0,1,4,0.003333333,0.004314995,1,4,85
2000,Australia,Vietnam,0,0,1,0,0.001078749,0,1,7
2004,Greece,Argentina,0,2,6,0.006644518,0.006479482,0.5,3.5,179
2004,Greece,Australia,0,17,50,0.056478405,0.05399568,12.25,44,601
2004,Greece,Austria,0,2,7,0.006644518,0.007559395,1,3.75,92
2004,Greece,Azerbaijan,0,1,5,0.003322259,0.005399568,1,5,37
2004,Greece,Bahamas,0,1,2,0.003322259,0.002159827,0.75,1.75,28
2004,Greece,Belarus,0,2,13,0.006644518,0.014038877,2,13,192
2004,Greece,Belgium,0,1,3,0.003322259,0.003239741,0.75,4.25,70
2004,Greece,Brazil,0,5,10,0.016611296,0.010799136,2.5,10,318
2004,Greece,Bulgaria,0,2,12,0.006644518,0.012958963,3.25,14,119
2004,Greece,Cameroon,0,1,1,0.003322259,0.001079914,0.5,1,19
2004,Greece,Canada,0,3,12,0.009966777,0.012958963,4,16.5,391
2004,Greece,Chile,0,2,3,0.006644518,0.003239741,0.5,2.25,29
2004,Greece,China,0,32,63,0.106312292,0.068034557,23,56.25,518
2004,Greece,Chinese Taipei,0,2,5,0.006644518,0.005399568,0.5,3,104
2004,Greece,Colombia,0,0,2,0,0.002159827,0.25,1.25,71
2004,Greece,Croatia,0,1,5,0.003322259,0.005399568,0.75,3,100
2004,Greece,Cuba,0,9,27,0.029900332,0.029157667,10.75,28,177
2004,Greece,Czech Republic,0,1,9,0.003322259,0.009719222,1,9,171
2004,Greece,Denmark,0,2,8,0.006644518,0.008639309,2.25,6.5,115
2004,Greece,Dominican Republic,0,1,1,0.003322259,0.001079914,1,1,33
2004,Greece,Egypt,0,1,5,0.003322259,0.005399568,0.25,2.25,104
2004,Greece,Eritrea,0,0,1,0,0.001079914,0,1,5
2004,Greece,Estonia,0,0,3,0,0.003239741,1,3.75,45
2004,Greece,Ethiopia,0,2,7,0.006644518,0.007559395,2.25,5.25,27
2004,Greece,Finland,0,0,2,0,0.002159827,1,3.75,67
2004,Greece,France,0,11,33,0.03654485,0.035637149,11.75,34.25,461
2004,Greece,Georgia,0,2,4,0.006644518,0.004319654,2,4,39
2004,Greece,Germany,0,13,49,0.043189369,0.052915767,19.75,63,592
2004,Greece,Great Britain,0,9,30,0.029900332,0.032397408,6.5,23.25,360
2004,Greece,Greece,1,6,16,0.019933555,0.017278618,4,9.75,499
2004,Greece,Hong Kong,0,0,1,0,0.001079914,0,1,42
2004,Greece,Hungary,0,8,17,0.026578073,0.018358531,8.5,21.25,258
2004,Greece,India,0,0,1,0,0.001079914,0.25,1,81
2004,Greece,Indonesia,0,1,4,0.003322259,0.004319654,1.25,4.75,39
2004,Greece,Iran,0,2,6,0.006644518,0.006479482,1.5,4,37
2004,Greece,Israel,0,1,2,0.003322259,0.002159827,0.25,1.5,46
2004,Greece,Italy,0,10,32,0.033222591,0.034557235,10.5,30,474
2004,Greece,Jamaica,0,2,5,0.006644518,0.005399568,0.75,6,62
2004,Greece,Japan,0,16,37,0.053156146,0.039956803,6.75,22.75,414
2004,Greece,Kazakhstan,0,1,8,0.003322259,0.008639309,1,8,130
2004,Greece,Kenya,0,1,7,0.003322259,0.007559395,1.5,7.5,46
2004,Greece,Latvia,0,0,4,0,0.004319654,0.25,2.75,45
2004,Greece,Lithuania,0,1,3,0.003322259,0.003239741,1,2.75,70
2004,Greece,Mexico,0,0,4,0,0.004319654,0.25,3,137
2004,Greece,Mongolia,0,0,1,0,0.001079914,0,1.25,21
2004,Greece,Morocco,0,2,3,0.006644518,0.003239741,0.75,3.25,57
2004,Greece,Netherlands,0,4,22,0.013289037,0.023758099,5.5,20.25,3
2004,Greece,Netherlands,0,4,22,0.013289037,0.023758099,5.5,20.25,264
2004,Greece,New Zealand,0,3,5,0.009966777,0.005399568,2,6.25,184
2004,Greece,Nigeria,0,0,2,0,0.002159827,0.75,3.75,79
2004,Greece,North Korea,0,0,5,0,0.005399568,1.5,5.75,71
2004,Greece,Norway,0,5,6,0.016611296,0.006479482,3.25,7.5,60
2004,Greece,Paraguay,0,0,1,0,0.001079914,0,1,22
2004,Greece,Poland,0,3,10,0.009966777,0.010799136,4.75,15,224
2004,Greece,Portugal,0,0,3,0,0.003239741,0.5,2,93
2004,Greece,Romania,0,8,19,0.026578073,0.020518359,6.75,20.75,193
2004,Greece,Russia,0,28,90,0.093023256,0.097192225,35.25,93.5,593
2004,Greece,Slovakia,0,2,6,0.006644518,0.006479482,2,6,84
2004,Greece,Slovenia,0,0,4,0,0.004319654,0.5,2.5,102
2004,Greece,South Africa,0,1,6,0.003322259,0.006479482,1,4.5,128
2004,Greece,South Korea,0,9,30,0.029900332,0.032397408,9,28.5,344
2004,Greece,Spain,0,3,20,0.009966777,0.021598272,6,17.5,423
2004,Greece,Sweden,0,4,7,0.013289037,0.007559395,2.75,9.75,157
2004,Greece,Switzerland,0,1,5,0.003322259,0.005399568,1.75,5.5,138
2004,Greece,Syria,0,0,1,0,0.001079914,0,1,6
2004,Greece,Thailand,0,3,8,0.009966777,0.008639309,1.25,3.5,51
2004,Greece,Trinidad and Tobago,0,0,1,0,0.001079914,0.25,1.5,26
2004,Greece,Turkey,0,3,10,0.009966777,0.010799136,3,6.75,74
2004,Greece,Ukraine,0,8,22,0.026578073,0.023758099,8,22,357
2004,Greece,United Arab Emirates,0,1,1,0.003322259,0.001079914,1,1,5
2004,Greece,United States,0,36,101,0.119601329,0.109071274,38.5,100.75,726
2004,Greece,Uzbekistan,0,2,5,0.006644518,0.005399568,2,5,79
2004,Greece,Venezuela,0,0,2,0,0.002159827,0,1.75,53
2004,Greece,Zimbabwe,0,1,3,0.003322259,0.003239741,1,3,14
2008,China,Afghanistan,0,0,1,0,0.001043841,0,1,4
2008,China,Algeria,0,0,2,0,0.002087683,1,3,57
2008,China,Argentina,0,2,6,0.006622517,0.006263048,1,4.75,145
2008,China,Armenia,0,0,5,0,0.005219207,0,5,26
2008,China,Australia,0,14,46,0.046357616,0.048016701,14,48.75,570
2008,China,Austria,0,0,3,0,0.003131524,1,4,93
2008,China,Azerbaijan,0,1,6,0.003311258,0.006263048,1,3.75,44
2008,China,Bahamas,0,0,2,0,0.002087683,0.75,2,33
2008,China,Belarus,0,3,14,0.009933775,0.014613779,2.25,14.75,237
2008,China,Belgium,0,2,2,0.006622517,0.002087683,1.25,4,112
2008,China,Brazil,0,3,17,0.009933775,0.017745303,2.75,13.5,338
2008,China,Bulgaria,0,1,5,0.003311258,0.005219207,2.75,11.25,87
2008,China,Cameroon,0,1,1,0.003311258,0.001043841,0.75,1,32
2008,China,Canada,0,3,20,0.009933775,0.020876827,3,17,449
2008,China,Chile,0,0,1,0,0.001043841,0.5,1.5,29
2008,China,China,1,48,100,0.158940397,0.104384134,31,67.75,730
2008,China,Chinese Taipei,0,1,4,0.003311258,0.004175365,0.75,3.75,92
2008,China,Colombia,0,0,3,0,0.003131524,0.25,1.75,90
2008,China,Croatia,0,0,5,0,0.005219207,0.75,3.5,125
2008,China,Cuba,0,3,30,0.009933775,0.03131524,8,27.75,171
2008,China,Czech Republic,0,3,7,0.009933775,0.007306889,2.5,8.75,158
2008,China,Denmark,0,2,7,0.006622517,0.007306889,2.5,6.75,108
2008,China,Dominican Republic,0,1,2,0.003311258,0.002087683,1,2,27
2008,China,Ecuador,0,0,1,0,0.001043841,0,1,26
2008,China,Egypt,0,0,2,0,0.002087683,0.25,2.5,116
2008,China,Estonia,0,1,2,0.003311258,0.002087683,0.75,2.5,53
2008,China,Ethiopia,0,4,7,0.013245033,0.007306889,3,6.25,29
2008,China,Finland,0,1,4,0.003311258,0.004175365,1,3.5,70
2008,China,France,0,7,43,0.023178808,0.044885177,11.5,37.75,448
2008,China,Georgia,0,3,7,0.009933775,0.007306889,1.25,4.75,38
2008,China,Germany,0,16,41,0.052980132,0.042797495,15.5,52.75,558
2008,China,Great Britain,0,19,51,0.062913907,0.053235908,10,31,420
2008,China,Greece,0,0,3,0,0.003131524,3.5,10,176
2008,China,Hungary,0,3,10,0.009933775,0.010438413,6.5,16.25,216
2008,China,Iceland,0,0,1,0,0.001043841,0,1,31
2008,China,India,0,1,3,0.003311258,0.003131524,0.25,1.5,67
2008,China,Indonesia,0,1,6,0.003311258,0.006263048,1,5,26
2008,China,Iran,0,1,2,0.003311258,0.002087683,1.75,3.75,55
2008,China,Ireland,0,0,3,0,0.003131524,1,2.5,63
2008,China,Israel,0,0,1,0,0.001043841,0.25,1.25,60
2008,China,Italy,0,8,27,0.026490066,0.028183716,11,32,459
2008,China,Jamaica,0,5,11,0.016556291,0.011482255,2,7.75,66
2008,China,Japan,0,9,25,0.029801325,0.026096033,8.25,23.5,457
2008,China,Kazakhstan,0,2,9,0.006622517,0.009394572,2.25,8.75,146
2008,China,Kenya,0,6,16,0.01986755,0.016701461,2.5,9.5,47
2008,China,Kyrgyzstan,0,0,3,0,0.003131524,0,3,22
2008,China,Latvia,0,1,3,0.003311258,0.003131524,0.5,2.75,53
2008,China,Lithuania,0,0,5,0,0.005219207,0.75,3.5,78
2008,China,Malaysia,0,0,1,0,0.001043841,0,1,42
2008,China,Mauritius,0,0,1,0,0.001043841,0,1,11
2008,China,Mexico,0,2,4,0.006622517,0.004175365,0.75,3.75,103
2008,China,Moldova,0,0,1,0,0.001043841,0,1,30
2008,China,Mongolia,0,2,4,0.006622517,0.004175365,0.5,2,31
2008,China,Morocco,0,0,2,0,0.002087683,0.5,3,49
2008,China,Netherlands,0,7,16,0.023178808,0.016701461,6.75,20.5,4
2008,China,Netherlands,0,7,16,0.023178808,0.016701461,6.75,20.5,283
2008,China,New Zealand,0,3,9,0.009933775,0.009394572,2.5,6,201
2008,China,Nigeria,0,0,5,0,0.005219207,0.75,4,89
2008,China,North Korea,0,2,6,0.006622517,0.006263048,1,5,66
2008,China,Norway,0,3,9,0.009933775,0.009394572,3.5,8,102
2008,China,Panama,0,1,1,0.003311258,0.001043841,1,1,5
2008,China,Poland,0,4,11,0.013245033,0.011482255,5,13,316
2008,China,Portugal,0,1,2,0.003311258,0.002087683,0.5,2.25,87
2008,China,Romania,0,4,9,0.013245033,0.009394572,6.75,18.5,172
2008,China,Russia,0,24,60,0.079470199,0.06263048,27.5,75.5,600
2008,China,Samoa,0,0,1,0,0.001043841,0,1,7
2008,China,Serbia,0,0,3,0,0.003131524,0.5,3,97
2008,China,Singapore,0,0,1,0,0.001043841,0,1,36
2008,China,Slovakia,0,3,6,0.009933775,0.006263048,1.75,5,67
2008,China,Slovenia,0,1,5,0.003311258,0.005219207,0.75,3.25,73
2008,China,South Africa,0,0,1,0,0.001043841,1,4.25,179
2008,China,South Korea,0,13,32,0.043046358,0.033402923,9.25,29.25,329
2008,China,Spain,0,5,19,0.016556291,0.019832985,4,16.75,355
2008,China,Sudan,0,0,1,0,0.001043841,0,1,9
2008,China,Sweden,0,0,5,0,0.005219207,2.5,8,169
2008,China,Switzerland,0,2,7,0.006622517,0.007306889,2,7,116
2008,China,Tajikistan,0,0,2,0,0.002087683,0,2,16
2008,China,Thailand,0,2,6,0.006622517,0.006263048,1.75,4.75,53
2008,China,Togo,0,0,1,0,0.001043841,0,1,4
2008,China,Trinidad and Tobago,0,1,2,0.003311258,0.002087683,0.25,1.75,35
2008,China,Tunisia,0,1,1,0.003311258,0.001043841,0.5,1.25,29
2008,China,Turkey,0,1,5,0.003311258,0.005219207,2.75,6.5,71
2008,China,Ukraine,0,7,22,0.023178808,0.022964509,6.75,22.5,327
2008,China,United States,0,36,112,0.119205298,0.11691023,38.25,101.75,763
2008,China,Uzbekistan,0,0,4,0,0.004175365,0.75,3.75,69
2008,China,Venezuela,0,0,1,0,0.001043841,0,1.75,126
2008,China,Vietnam,0,0,1,0,0.001043841,0,1,18
2008,China,Zimbabwe,0,1,4,0.003311258,0.004175365,1,4,16
2012,United Kingdom,Afghanistan,0,0,1,0,0.001041667,0,1,6
2012,United Kingdom,Algeria,0,1,1,0.00330033,0.001041667,1,2.75,39
2012,United Kingdom,Argentina,0,1,4,0.00330033,0.004166667,1.25,5,148
2012,United Kingdom,Armenia,0,0,2,0,0.002083333,0.25,2.5,31
2012,United Kingdom,Australia,0,8,35,0.02640264,0.036458333,13.75,47.25,514
2012,United Kingdom,Azerbaijan,0,2,9,0.00660066,0.009375,1.5,5.75,59
2012,United Kingdom,Bahamas,0,1,1,0.00330033,0.001041667,1,2,29
2012,United Kingdom,Bahrain,0,1,1,0.00330033,0.001041667,1,1,14
2012,United Kingdom,Belarus,0,2,10,0.00660066,0.010416667,2.5,13.5,185
2012,United Kingdom,Belgium,0,0,3,0,0.003125,0.75,3.25,142
2012,United Kingdom,Botswana,0,0,1,0,0.001041667,0,1,4
2012,United Kingdom,Brazil,0,3,17,0.00990099,0.017708333,2.75,14,306
2012,United Kingdom,Bulgaria,0,0,3,0,0.003125,2,8.25,75
2012,United Kingdom,Cameroon,0,0,1,0,0.001041667,0.75,1,32
2012,United Kingdom,Canada,0,2,18,0.00660066,0.01875,2.75,16,354
2012,United Kingdom,China,0,39,92,0.128712871,0.095833333,36.75,78.25,479
2012,United Kingdom,Chinese Taipei,0,1,2,0.00330033,0.002083333,1,4,55
2012,United Kingdom,Colombia,0,1,9,0.00330033,0.009375,0.5,3.75,120
2012,United Kingdom,Croatia,0,3,6,0.00990099,0.00625,1.25,4.5,118
2012,United Kingdom,Cuba,0,5,15,0.01650165,0.015625,7,25.25,118
2012,United Kingdom,Cyprus,0,0,1,0,0.001041667,0,1,13
2012,United Kingdom,Czech Republic,0,4,11,0.01320132,0.011458333,2.5,8.75,159
2012,United Kingdom,Denmark,0,2,9,0.00660066,0.009375,2,7.5,149
2012,United Kingdom,Dominican Republic,0,1,2,0.00330033,0.002083333,0.75,1.5,36
2012,United Kingdom,Egypt,0,0,4,0,0.004166667,0.25,3,132
2012,United Kingdom,Estonia,0,0,2,0,0.002083333,0.5,2.5,36
2012,United Kingdom,Ethiopia,0,3,8,0.00990099,0.008333333,3.25,7.5,34
2012,United Kingdom,Finland,0,0,3,0,0.003125,0.75,3.25,69
2012,United Kingdom,France,0,11,35,0.03630363,0.036458333,10.5,37.25,426
2012,United Kingdom,Gabon,0,0,1,0,0.001041667,0,1,21
2012,United Kingdom,Georgia,0,1,6,0.00330033,0.00625,1.5,5.75,36
2012,United Kingdom,Germany,0,11,44,0.03630363,0.045833333,13.25,47.5,510
2012,United Kingdom,Great Britain,0,29,65,0.095709571,0.067708333,17,43.5,684
2012,United Kingdom,Greece,0,0,2,0,0.002083333,2.5,8.5,115
2012,United Kingdom,Grenada,0,1,1,0.00330033,0.001041667,1,1,8
2012,United Kingdom,Guatemala,0,0,1,0,0.001041667,0,1,24
2012,United Kingdom,Hong Kong,0,0,1,0,0.001041667,0,1,55
2012,United Kingdom,Hungary,0,8,18,0.02640264,0.01875,6.75,15.5,201
2012,United Kingdom,India,0,0,6,0,0.00625,0.25,2.75,95
2012,United Kingdom,Indonesia,0,0,3,0,0.003125,0.75,4.75,22
2012,United Kingdom,Iran,0,7,13,0.02310231,0.013541667,3.25,6.25,57
2012,United Kingdom,Ireland,0,1,6,0.00330033,0.00625,1,3.5,76
2012,United Kingdom,Italy,0,8,28,0.02640264,0.029166667,9.75,30.25,382
2012,United Kingdom,Jamaica,0,4,13,0.01320132,0.013541667,2.75,9.5,62
2012,United Kingdom,Japan,0,7,38,0.02310231,0.039583333,9.25,29.5,399
2012,United Kingdom,Kazakhstan,0,3,11,0.00990099,0.011458333,2.25,8.75,132
2012,United Kingdom,Kenya,0,2,13,0.00660066,0.013541667,2.75,10.75,51
2012,United Kingdom,Kuwait,0,0,1,0,0.001041667,0,1,12
2012,United Kingdom,Latvia,0,1,2,0.00330033,0.002083333,0.75,3,50
2012,United Kingdom,Lithuania,0,2,5,0.00660066,0.005208333,1.25,4.5,72
2012,United Kingdom,Malaysia,0,0,2,0,0.002083333,0,1.5,38
2012,United Kingdom,Mexico,0,1,8,0.00330033,0.008333333,1,5.5,119
2012,United Kingdom,Mongolia,0,0,5,0,0.005208333,0.5,2.75,32
2012,United Kingdom,Montenegro,0,0,1,0,0.001041667,0,1,34
2012,United Kingdom,Morocco,0,0,1,0,0.001041667,0.5,2.75,67
2012,United Kingdom,Netherlands,0,6,20,0.01980198,0.020833333,7.25,20.75,222
2012,United Kingdom,New Zealand,0,6,13,0.01980198,0.013541667,3.25,7.75,204
2012,United Kingdom,North Korea,0,4,6,0.01320132,0.00625,1.5,5.25,57
2012,United Kingdom,Norway,0,2,4,0.00660066,0.004166667,3.5,7.25,69
2012,United Kingdom,Poland,0,3,11,0.00990099,0.011458333,4,11.5,256
2012,United Kingdom,Portugal,0,0,1,0,0.001041667,0.25,2,98
2012,United Kingdom,Puerto Rico,0,0,2,0,0.002083333,0,1.5,28
2012,United Kingdom,Qatar,0,0,2,0,0.002083333,0,2,14
2012,United Kingdom,Romania,0,2,7,0.00660066,0.007291667,6.25,15.25,155
2012,United Kingdom,Russia,0,18,65,0.059405941,0.067708333,25.5,76,549
2012,United Kingdom,Saudi Arabia,0,0,1,0,0.001041667,0,1,23
2012,United Kingdom,Serbia,0,1,4,0.00330033,0.004166667,0.5,3,134
2012,United Kingdom,Singapore,0,0,2,0,0.002083333,0,2,36
2012,United Kingdom,Slovakia,0,0,4,0,0.004166667,1.5,5.25,65
2012,United Kingdom,Slovenia,0,1,4,0.00330033,0.004166667,1,3.75,78
2012,United Kingdom,South Africa,0,4,6,0.01320132,0.00625,1.25,4.5,145
2012,United Kingdom,South Korea,0,13,31,0.04290429,0.032291667,10.75,30.25,312
2012,United Kingdom,Spain,0,4,20,0.01320132,0.020833333,3.75,17.5,339
2012,United Kingdom,Sweden,0,1,8,0.00330033,0.008333333,2.25,8,168
2012,United Kingdom,Switzerland,0,2,4,0.00660066,0.004166667,1.5,6.25,126
2012,United Kingdom,Tajikistan,0,0,1,0,0.001041667,0,1,16
2012,United Kingdom,Thailand,0,0,4,0,0.004166667,1.5,5.25,43
2012,United Kingdom,Trinidad and Tobago,0,1,4,0.00330033,0.004166667,0.5,2.25,38
2012,United Kingdom,Tunisia,0,2,3,0.00660066,0.003125,0.75,1.5,87
2012,United Kingdom,Turkey,0,1,3,0.00330033,0.003125,2,5.75,119
2012,United Kingdom,Uganda,0,1,1,0.00330033,0.001041667,0.5,1.25,16
2012,United Kingdom,Ukraine,0,5,19,0.01650165,0.019791667,5.75,21.5,304
2012,United Kingdom,United States,0,48,104,0.158415842,0.108333333,39.25,102.5,689
2012,United Kingdom,Uzbekistan,0,0,3,0,0.003125,0.75,4,56
2012,United Kingdom,Venezuela,0,1,1,0.00330033,0.001041667,0.25,1.75,85
2012,United Kingdom,Vietnam,0,0,1,0,0.001041667,0,1,24
2016,Brazil,Algeria,0,0,2,0,0.002057613,0.5,2.5,74
2016,Brazil,Argentina,0,3,4,0.009803922,0.004115226,2,5,232
2016,Brazil,Armenia,0,1,4,0.003267974,0.004115226,0.25,3,34
2016,Brazil,Australia,0,8,29,0.026143791,0.029835391,11.75,40,518
2016,Brazil,Austria,0,0,1,0,0.001028807,1,3.5,85
2016,Brazil,Azerbaijan,0,1,18,0.003267974,0.018518519,1.25,9.5,69
2016,Brazil,Bahamas,0,1,2,0.003267974,0.002057613,0.75,1.75,38
2016,Brazil,Bahrain,0,1,2,0.003267974,0.002057613,1,2,33
2016,Brazil,Belarus,0,1,9,0.003267974,0.009259259,2,11.5,142
2016,Brazil,Belgium,0,2,6,0.006535948,0.00617284,1.25,3.5,138
2016,Brazil,Brazil,1,7,19,0.022875817,0.019547325,4.5,15.75,583
2016,Brazil,Bulgaria,0,0,3,0,0.00308642,0.75,5.75,58
2016,Brazil,Burundi,0,0,1,0,0.001028807,0,1,10
2016,Brazil,Canada,0,4,22,0.013071895,0.022633745,3,18,405
2016,Brazil,China,0,26,70,0.08496732,0.072016461,36.25,81.25,499
2016,Brazil,Chinese Taipei,0,1,3,0.003267974,0.00308642,1.25,3.5,67
2016,Brazil,Colombia,0,3,8,0.009803922,0.008230453,1,5.5,157
2016,Brazil,Croatia,0,5,10,0.016339869,0.010288066,2.25,6.5,93
2016,Brazil,Cuba,0,5,11,0.016339869,0.011316872,5.5,20.75,143
2016,Brazil,Czech Republic,0,1,10,0.003267974,0.010288066,2.25,9.25,135
2016,Brazil,Denmark,0,2,15,0.006535948,0.015432099,2,9.75,143
2016,Brazil,Dominican Republic,0,0,1,0,0.001028807,0.75,1.5,30
2016,Brazil,Egypt,0,0,3,0,0.00308642,0.25,3.5,137
2016,Brazil,Estonia,0,0,1,0,0.001028807,0.25,2,49
2016,Brazil,Ethiopia,0,1,8,0.003267974,0.008230453,2.5,7.5,38
2016,Brazil,Fiji,0,1,1,0.003267974,0.001028807,1,1,53
2016,Brazil,Finland,0,0,1,0,0.001028807,0.25,2.5,67
2016,Brazil,France,0,10,42,0.032679739,0.043209877,9.75,38.25,512
2016,Brazil,Georgia,0,2,7,0.006535948,0.007201646,2,6,45
2016,Brazil,Germany,0,17,42,0.055555556,0.043209877,14.25,44,536
2016,Brazil,Great Britain,0,27,67,0.088235294,0.068930041,21,53.25,478
2016,Brazil,Greece,0,3,6,0.009803922,0.00617284,2.25,6.75,104
2016,Brazil,Grenada,0,0,1,0,0.001028807,0,1,6
2016,Brazil,Hungary,0,8,15,0.026143791,0.015432099,6.75,15,204
2016,Brazil,Independent Olympic Athletes,0,1,2,0.003267974,0.002057613,1,2,9
2016,Brazil,India,0,0,2,0,0.002057613,0.25,3,130
2016,Brazil,Indonesia,0,1,3,0.003267974,0.00308642,0.75,4,31
2016,Brazil,Iran,0,3,8,0.009803922,0.008230453,3.25,7.25,67
2016,Brazil,Ireland,0,0,2,0,0.002057613,0.25,3,93
2016,Brazil,Israel,0,0,2,0,0.002057613,0.25,1.5,59
2016,Brazil,Italy,0,8,28,0.026143791,0.028806584,8.5,28.75,399
2016,Brazil,Ivory Coast,0,1,2,0.003267974,0.002057613,1,2,15
2016,Brazil,Jamaica,0,6,11,0.019607843,0.011316872,4.25,10,77
2016,Brazil,Japan,0,12,41,0.039215686,0.04218107,11,35.25,436
2016,Brazil,Jordan,0,1,1,0.003267974,0.001028807,1,1,8
2016,Brazil,Kazakhstan,0,2,17,0.006535948,0.017489712,2,11.25,123
2016,Brazil,Kenya,0,6,13,0.019607843,0.013374486,3.75,12.25,80
2016,Brazil,Kosovo,0,1,1,0.003267974,0.001028807,1,1,8
2016,Brazil,Lithuania,0,0,4,0,0.004115226,0.75,4.25,80
2016,Brazil,Malaysia,0,0,5,0,0.005144033,0,2.5,42
2016,Brazil,Mexico,0,0,5,0,0.005144033,0.75,5.25,139
2016,Brazil,Mongolia,0,0,2,0,0.002057613,0.5,3,46
2016,Brazil,Morocco,0,0,1,0,0.001028807,0.5,1.75,52
2016,Brazil,Netherlands,0,8,19,0.026143791,0.019547325,6.25,19.25,329
2016,Brazil,New Zealand,0,4,18,0.013071895,0.018518519,4,11.25,232
2016,Brazil,Niger,0,0,1,0,0.001028807,0,1,6
2016,Brazil,Nigeria,0,0,1,0,0.001028807,0.25,2.75,77
2016,Brazil,North Korea,0,2,7,0.006535948,0.007201646,2,6,38
2016,Brazil,Norway,0,0,4,0,0.004115226,2.5,5.75,77
2016,Brazil,Philippines,0,0,1,0,0.001028807,0,1,13
2016,Brazil,Poland,0,2,11,0.006535948,0.011316872,3,10.75,289
2016,Brazil,Portugal,0,0,1,0,0.001028807,0.25,1.75,106
2016,Brazil,Puerto Rico,0,1,1,0.003267974,0.001028807,0.25,1.25,41
2016,Brazil,Qatar,0,0,1,0,0.001028807,0,1.25,42
2016,Brazil,Romania,0,1,4,0.003267974,0.004115226,3.75,9.75,121
2016,Brazil,Russia,0,19,56,0.062091503,0.057613169,22.25,67.75,406
2016,Brazil,Serbia,0,2,8,0.006535948,0.008230453,0.75,4.25,127
2016,Brazil,Singapore,0,1,1,0.003267974,0.001028807,0.25,1.25,32
2016,Brazil,Slovakia,0,2,4,0.006535948,0.004115226,1.75,5,63
2016,Brazil,Slovenia,0,1,4,0.003267974,0.004115226,0.75,4.25,70
2016,Brazil,South Africa,0,2,10,0.006535948,0.010288066,1.75,5.75,155
2016,Brazil,South Korea,0,9,21,0.029411765,0.021604938,11,28.5,263
2016,Brazil,Spain,0,7,17,0.022875817,0.017489712,4.75,19,363
2016,Brazil,Sweden,0,2,11,0.006535948,0.011316872,1.75,7.75,186
2016,Brazil,Switzerland,0,3,7,0.009803922,0.007201646,2,5.75,152
2016,Brazil,Tajikistan,0,1,1,0.003267974,0.001028807,1,1,7
2016,Brazil,Thailand,0,2,6,0.006535948,0.00617284,1.75,6,58
2016,Brazil,Trinidad and Tobago,0,0,1,0,0.001028807,0.5,2,43
2016,Brazil,Tunisia,0,0,3,0,0.00308642,0.75,2,65
2016,Brazil,Turkey,0,1,8,0.003267974,0.008230453,1.5,6.5,119
2016,Brazil,Ukraine,0,2,11,0.006535948,0.011316872,5.5,18.5,272
2016,Brazil,United Arab Emirates,0,0,1,0,0.001028807,0,1,12
2016,Brazil,United States,0,46,121,0.150326797,0.124485597,41.5,109.5,719
2016,Brazil,Uzbekistan,0,4,13,0.013071895,0.013374486,1.5,6.25,80
2016,Brazil,Venezuela,0,0,3,0,0.00308642,0.25,1.75,105
2016,Brazil,Vietnam,0,1,2,0.003267974,0.002057613,0.25,1.25,28
2020,Japan,Argentina,0,0,3,0,0.002777778,1.5,4.25,208
2020,Japan,Armenia,0,0,4,0,0.003703704,0.25,3.75,19
2020,Japan,Australia,0,17,46,0.05,0.042592593,11.75,39,638
2020,Japan,Austria,0,1,7,0.002941176,0.006481481,0.75,4.5,103
2020,Japan,Azerbaijan,0,0,7,0,0.006481481,1,10,55
2020,Japan,Bahamas,0,2,2,0.005882353,0.001851852,1,1.75,22
2020,Japan,Bahrain,0,0,1,0,0.000925926,0,1,33
2020,Japan,Belarus,0,1,7,0.002941176,0.006481481,1.75,10,137
2020,Japan,Belgium,0,3,7,0.008823529,0.006481481,1.75,4.5,185
2020,Japan,Bermuda,0,1,1,0.002941176,0.000925926,1,1,2
2020,Japan,Botswana,0,0,1,0,0.000925926,0,1,16
2020,Japan,Brazil,0,7,21,0.020588235,0.019444444,5,18.5,416
2020,Japan,Bulgaria,0,3,6,0.008823529,0.005555556,1,4.25,56
2020,Japan,Burkina Faso,0,0,1,0,0.000925926,0,1,8
2020,Japan,Canada,0,7,24,0.020588235,0.022222222,4,21,509
2020,Japan,China,0,38,89,0.111764706,0.082407407,37.75,87.75,574
2020,Japan,Chinese Taipei,0,2,12,0.005882353,0.011111111,1.25,5.25,117
2020,Japan,Colombia,0,0,5,0,0.00462963,1,6.25,77
2020,Japan,Croatia,0,3,8,0.008823529,0.007407407,2.75,7.25,74
2020,Japan,Cuba,0,7,15,0.020588235,0.013888889,5,17.75,82
2020,Japan,Czech Republic,0,4,11,0.011764706,0.010185185,3,9.75,151
2020,Japan,Denmark,0,3,11,0.008823529,0.010185185,2.25,10.5,138
2020,Japan,Dominican Republic,0,0,5,0,0.00462963,0.5,2.5,69
2020,Japan,Ecuador,0,2,3,0.005882353,0.002777778,2,3,52
2020,Japan,Egypt,0,1,6,0.002941176,0.005555556,0.25,3.75,195
2020,Japan,Estonia,0,1,2,0.002941176,0.001851852,0.5,1.75,42
2020,Japan,Ethiopia,0,1,4,0.002941176,0.003703704,2.25,6.75,38
2020,Japan,Fiji,0,1,2,0.002941176,0.001851852,1,2,32
2020,Japan,Finland,0,0,2,0,0.001851852,0.25,2.5,49
2020,Japan,France,0,10,33,0.029411765,0.030555556,9.5,38.25,538
2020,Japan,Georgia,0,2,8,0.005882353,0.007407407,2,7,36
2020,Japan,Germany,0,10,37,0.029411765,0.034259259,13.5,41,597
2020,Japan,Ghana,0,0,1,0,0.000925926,0,1,16
2020,Japan,Great Britain,0,22,64,0.064705882,0.059259259,24.25,61.75,548
2020,Japan,Greece,0,2,4,0.005882353,0.003703704,1.25,3.75,100
2020,Japan,Grenada,0,0,1,0,0.000925926,0,1,6
2020,Japan,Hong Kong,0,1,6,0.002941176,0.005555556,0.5,2.25,65
2020,Japan,Hungary,0,6,20,0.017647059,0.018518519,6.25,15.75,237
2020,Japan,India,0,1,7,0.002941176,0.006481481,0.5,4.5,151
2020,Japan,Indonesia,0,1,5,0.002941176,0.00462963,0.75,4.25,35
2020,Japan,Iran,0,3,7,0.008823529,0.006481481,3.5,7.5,76
2020,Japan,Ireland,0,2,4,0.005882353,0.003703704,0.75,3.75,150
2020,Japan,Israel,0,2,4,0.005882353,0.003703704,0.75,2.25,128
2020,Japan,Italy,0,10,40,0.029411765,0.037037037,8.5,30.75,524
2020,Japan,Ivory Coast,0,0,1,0,0.000925926,0,1,32
2020,Japan,Jamaica,0,4,9,0.011764706,0.008333333,4.75,11,87
2020,Japan,Japan,1,27,58,0.079411765,0.053703704,13.75,40.5,787
2020,Japan,Jordan,0,0,2,0,0.001851852,0,2,15
2020,Japan,Kazakhstan,0,0,8,0,0.007407407,1.75,11.25,116
2020,Japan,Kenya,0,4,10,0.011764706,0.009259259,4.5,13,89
2020,Japan,Kosovo,0,2,2,0.005882353,0.001851852,2,2,11
2020,Japan,Kuwait,0,0,1,0,0.000925926,0,1,10
2020,Japan,Kyrgyzstan,0,0,3,0,0.002777778,0,3,17
2020,Japan,Latvia,0,1,2,0.002941176,0.001851852,0.75,2.75,38
2020,Japan,Lithuania,0,0,1,0,0.000925926,0.5,3.75,59
2020,Japan,Malaysia,0,0,2,0,0.001851852,0,2.5,47
2020,Japan,Mexico,0,0,4,0,0.003703704,0.75,5.25,196
2020,Japan,Moldova,0,0,1,0,0.000925926,0,1.5,26
2020,Japan,Mongolia,0,0,4,0,0.003703704,0.5,3.75,61
2020,Japan,Morocco,0,1,1,0.002941176,0.000925926,0.25,1.25,51
2020,Japan,Namibia,0,0,1,0,0.000925926,0,1,11
2020,Japan,Netherlands,0,10,36,0.029411765,0.033333333,7.75,22.75,391
2020,Japan,New Zealand,0,7,20,0.020588235,0.018518519,5,15,279
2020,Japan,Nigeria,0,0,2,0,0.001851852,0,2.5,68
2020,Japan,North Macedonia,0,0,1,0,0.000925926,0,1,8
2020,Japan,Norway,0,4,8,0.011764706,0.007407407,2.25,6.25,112
2020,Japan,Philippines,0,1,4,0.002941176,0.003703704,0.25,1.75,27
2020,Japan,Poland,0,4,14,0.011764706,0.012962963,3.25,11.75,282
2020,Japan,Portugal,0,1,4,0.002941176,0.003703704,0.5,2,113
2020,Japan,Puerto Rico,0,1,1,0.002941176,0.000925926,0.5,1.25,39
2020,Japan,Qatar,0,2,3,0.005882353,0.002777778,0.5,1.75,17
2020,Japan,ROC,0,20,71,0.058823529,0.065740741,20,71,561
2020,Japan,Romania,0,1,4,0.002941176,0.003703704,2,6,119
2020,Japan,San Marino,0,0,3,0,0.002777778,0,3,8
2020,Japan,Saudi Arabia,0,0,1,0,0.000925926,0,1,33
2020,Japan,Serbia,0,3,9,0.008823529,0.008333333,1.5,6,110
2020,Japan,Slovakia,0,1,4,0.002941176,0.003703704,1.5,4.5,56
2020,Japan,Slovenia,0,3,5,0.008823529,0.00462963,1.5,4.5,64
2020,Japan,South Africa,0,1,3,0.002941176,0.002777778,1.75,5,211
2020,Japan,South Korea,0,6,20,0.017647059,0.018518519,10.25,26,338
2020,Japan,Spain,0,3,17,0.008823529,0.015740741,4.75,18.25,429
2020,Japan,Sweden,0,3,9,0.008823529,0.008333333,1.5,8.25,173
2020,Japan,Switzerland,0,3,13,0.008823529,0.012037037,2.5,7.75,196
2020,Japan,Syria,0,0,1,0,0.000925926,0.25,1,6
2020,Japan,Thailand,0,1,2,0.002941176,0.001851852,1.25,4.5,48
2020,Japan,Tunisia,0,1,2,0.002941176,0.001851852,1,2.25,73
2020,Japan,Turkey,0,2,13,0.005882353,0.012037037,1.25,7.25,139
2020,Japan,Turkmenistan,0,0,1,0,0.000925926,0,1,10
2020,Japan,Uganda,0,2,4,0.005882353,0.003703704,0.75,1.75,28
2020,Japan,Ukraine,0,1,19,0.002941176,0.017592593,3.75,17.75,225
2020,Japan,United States,0,39,113,0.114705882,0.10462963,42.25,112.5,856
2020,Japan,Uzbekistan,0,3,5,0.008823529,0.00462963,1.75,6.25,85
2020,Japan,Venezuela,0,1,4,0.002941176,0.003703704,0.5,2.25,47
2024,France,Albania,0,0,2,0,0.001924928,0,2,9
2024,France,Algeria,0,2,3,0.006097561,0.002887392,0.75,2,55
2024,France,Argentina,0,1,3,0.00304878,0.002887392,1.25,3.5,154
2024,France,Armenia,0,0,4,0,0.003849856,0.25,3.5,17
2024,France,Australia,0,18,53,0.054878049,0.051010587,12.75,40.75,649
2024,France,Austria,0,2,5,0.006097561,0.00481232,0.75,4,121
2024,France,Azerbaijan,0,2,7,0.006097561,0.006737247,1.25,10.25,49
2024,France,Bahrain,0,2,4,0.006097561,0.003849856,1,2,15
2024,France,Belgium,0,3,10,0.009146341,0.009624639,2,6.5,240
2024,France,Botswana,0,1,2,0.00304878,0.001924928,1,2,19
2024,France,Brazil,0,3,20,0.009146341,0.019249278,5,19.25,401
2024,France,Bulgaria,0,3,7,0.009146341,0.006737247,1.5,4.75,61
2024,France,Cabo Verde,0,0,1,0,0.000962464,0,1,7
2024,France,Canada,0,9,27,0.027439024,0.025986526,5.5,22.75,538
2024,France,Chile,0,1,2,0.00304878,0.001924928,0.75,1.75,52
2024,France,China,0,40,91,0.12195122,0.087584216,35.75,85.5,587
2024,France,Chinese Taipei,0,2,7,0.006097561,0.006737247,1.5,6,78
2024,France,Colombia,0,0,4,0,0.003849856,1,6.5,105
2024,France,Croatia,0,2,7,0.006097561,0.006737247,3.25,7.75,85
2024,France,Cuba,0,2,9,0.006097561,0.008662175,4.75,12.5,69
2024,France,Cyprus,0,0,1,0,0.000962464,0,1,23
2024,France,Czech Republic,0,3,5,0.009146341,0.00481232,3,9.25,149
2024,France,Denmark,0,2,9,0.006097561,0.008662175,2.25,11,161
2024,France,Dominica,0,1,1,0.00304878,0.000962464,1,1,4
2024,France,Dominican Republic,0,1,3,0.00304878,0.002887392,0.5,2.75,64
2024,France,Ecuador,0,1,5,0.00304878,0.00481232,1,2.5,47
2024,France,Egypt,0,1,3,0.00304878,0.002887392,0.5,4,207
2024,France,Ethiopia,0,1,4,0.00304878,0.003849856,1.5,6,35
2024,France,Fiji,0,0,1,0,0.000962464,0,1,36
2024,France,France,1,16,64,0.048780488,0.06159769,11.75,43.5,801
2024,France,Georgia,0,3,7,0.009146341,0.006737247,2,7,38
2024,France,Germany,0,12,33,0.036585366,0.031761309,12.5,39,647
2024,France,Great Britain,0,14,65,0.042682927,0.062560154,23,65.25,533
2024,France,Greece,0,1,8,0.00304878,0.007699711,1.5,5,126
2024,France,Grenada,0,0,2,0,0.001924928,0.25,1.25,6
2024,France,Guatemala,0,1,2,0.00304878,0.001924928,1,2,16
2024,France,Hong Kong,0,2,4,0.006097561,0.003849856,0.75,3,51
2024,France,Hungary,0,6,19,0.018292683,0.018286814,7,18,255
2024,France,India,0,0,6,0,0.005774783,0.25,5.25,138
2024,France,Indonesia,0,2,3,0.006097561,0.002887392,1,3.5,36
2024,France,Iran,0,3,12,0.009146341,0.011549567,4,10,46
2024,France,Ireland,0,4,7,0.012195122,0.006737247,1.75,4.75,185
2024,France,Israel,0,1,7,0.00304878,0.006737247,0.75,3.5,138
2024,France,Italy,0,12,40,0.036585366,0.038498556,9.5,34,610
2024,France,Ivory Coast,0,0,1,0,0.000962464,0.25,1.25,18
2024,France,Jamaica,0,1,6,0.00304878,0.005774783,3.75,9.75,81
2024,France,Japan,0,20,45,0.06097561,0.043310876,16.5,45.5,598
2024,France,Jordan,0,0,1,0,0.000962464,0,1,13
2024,France,Kazakhstan,0,1,7,0.00304878,0.006737247,1.5,10.75,123
2024,France,Kenya,0,4,11,0.012195122,0.010587103,4,11.75,77
2024,France,Kosovo,0,0,2,0,0.001924928,0,2,9
2024,France,Kyrgyzstan,0,0,6,0,0.005774783,0,3.25,17
2024,France,Lithuania,0,0,4,0,0.003849856,0.5,3.5,63
2024,France,Malaysia,0,0,2,0,0.001924928,0,2.75,32
2024,France,Mexico,0,0,5,0,0.00481232,0.25,5.5,155
2024,France,Moldova,0,0,4,0,0.003849856,0,2,30
2024,France,Mongolia,0,0,1,0,0.000962464,0,3,48
2024,France,Morocco,0,1,2,0.00304878,0.001924928,0.5,1.25,63
2024,France,Netherlands,0,15,34,0.045731707,0.032723773,9.75,27.25,449
2024,France,New Zealand,0,10,20,0.030487805,0.019249278,6.75,17.75,253
2024,France,North Korea,0,0,6,0,0.005774783,2,6.25,18
2024,France,Norway,0,4,8,0.012195122,0.007699711,2.5,6,128
2024,France,Pakistan,0,1,1,0.00304878,0.000962464,0.5,1,10
2024,France,Panama,0,0,1,0,0.000962464,0,1,13
2024,France,Peru,0,0,1,0,0.000962464,0,1,32
2024,France,Philippines,0,2,4,0.006097561,0.003849856,0.75,2.5,44
2024,France,Poland,0,1,10,0.00304878,0.009624639,2.5,11.5,312
2024,France,Portugal,0,1,4,0.00304878,0.003849856,0.5,2.5,95
2024,France,Puerto Rico,0,0,2,0,0.001924928,0.5,1.5,53
2024,France,Qatar,0,0,1,0,0.000962464,0.5,1.75,13
2024,France,Romania,0,3,9,0.009146341,0.008662175,1.75,6,144
2024,France,Saint Lucia,0,1,2,0.00304878,0.001924928,1,2,5
2024,France,Serbia,0,3,5,0.009146341,0.00481232,2.25,6.5,135
2024,France,Singapore,0,0,1,0,0.000962464,0.25,1.25,32
2024,France,Slovakia,0,0,1,0,0.000962464,0.75,3.25,38
2024,France,Slovenia,0,2,3,0.006097561,0.002887392,1.75,4,117
2024,France,South Africa,0,1,6,0.00304878,0.005774783,2,6.25,161
2024,France,South Korea,0,13,32,0.039634146,0.030798845,10.25,26,248
2024,France,Spain,0,5,18,0.015243902,0.01732435,4.75,18,526
2024,France,Sweden,0,4,11,0.012195122,0.010587103,2.5,9.75,173
2024,France,Switzerland,0,1,8,0.00304878,0.007699711,2.25,8,218
2024,France,Tajikistan,0,0,3,0,0.002887392,0.25,1.75,14
2024,France,Thailand,0,1,6,0.00304878,0.005774783,1,4.5,58
2024,France,Tunisia,0,1,3,0.00304878,0.002887392,1,2.75,31
2024,France,Turkey,0,0,8,0,0.007699711,1,8,165
2024,France,Uganda,0,1,2,0.00304878,0.001924928,1,2,27
2024,France,Ukraine,0,3,12,0.009146341,0.011549567,2.75,15.25,212
2024,France,United States,0,40,126,0.12195122,0.121270452,43.25,116,854
2024,France,Uzbekistan,0,8,13,0.024390244,0.012512031,3.75,8.5,119
2024,France,Zambia,0,0,1,0,0.000962464,0,1,32
